opportunity_id,rep_id,product_id,campaign_id,created_date,close_date,stage,deal_value,probability,days_in_pipeline,is_won,is_closed,weighted_value
OPP0001,R018,P001,C004,2023-08-12,2023-09-24,Closed Lost,47089.61,0,43,0,1,0.0
OPP0002,R006,P001,C006,2023-08-14,2023-10-24,Closed Lost,50201.22,0,71,0,1,0.0
OPP0003,R011,P002,C001,2024-03-08,2024-05-04,Closed Won,14220.29,100,57,1,1,14220.29
OPP0004,R002,P003,C006,2023-04-05,2023-06-06,Closed Won,3820.69,100,62,1,1,3820.69
OPP0005,R010,P004,C006,2024-04-15,2024-07-06,Closed Won,21939.5,100,82,1,1,21939.5
OPP0006,R008,P001,C003,2024-09-25,2024-11-24,Closed Lost,38971.73,0,60,0,1,0.0
OPP0007,R012,P004,C002,2023-03-23,2023-05-05,Closed Lost,23682.27,0,43,0,1,0.0
OPP0008,R003,P003,C005,2024-01-15,2024-03-14,Closed Won,3944.29,100,59,1,1,3944.29
OPP0009,R013,P002,C003,2024-10-12,2024-11-16,Closed Lost,10886.29,0,35,0,1,0.0
OPP0010,R002,P003,C002,2024-10-17,,Qualification,4121.99,10,612,0,0,412.2
OPP0011,R019,P002,C006,2023-11-20,2024-01-24,Closed Won,14035.17,100,65,1,1,14035.17
OPP0012,R015,P004,C002,2023-11-19,2023-12-30,Closed Lost,28990.98,0,41,0,1,0.0
OPP0013,R019,P005,C004,2023-09-29,2023-10-30,Closed Won,8309.14,100,31,1,1,8309.14
OPP0014,R003,P002,C001,2024-08-20,2024-10-24,Closed Won,12340.01,100,65,1,1,12340.01
OPP0015,R013,P004,C004,2023-04-23,2023-05-26,Closed Lost,26468.58,0,33,0,1,0.0
OPP0016,R001,P005,C006,2024-09-02,2024-11-14,Closed Lost,9210.18,0,73,0,1,0.0
OPP0017,R011,P003,C001,2023-04-28,2023-08-07,Closed Lost,4028.43,0,101,0,1,0.0
OPP0018,R009,P001,C005,2023-10-28,2024-01-05,Closed Won,53272.6,100,69,1,1,53272.6
OPP0019,R017,P003,C005,2023-07-02,2023-09-18,Closed Lost,4120.5,0,78,0,1,0.0
OPP0020,R017,P002,C001,2023-07-23,2023-08-25,Closed Won,12465.39,100,33,1,1,12465.39
OPP0021,R010,P001,C002,2024-09-05,2024-10-30,Closed Lost,52883.3,0,55,0,1,0.0
OPP0022,R016,P001,C001,2023-03-01,2023-04-14,Closed Lost,39599.04,0,44,0,1,0.0
OPP0023,R006,P004,C003,2024-06-29,2024-10-19,Closed Won,29534.93,100,112,1,1,29534.93
OPP0024,R007,P002,C006,2024-06-24,2024-09-23,Closed Lost,14101.44,0,91,0,1,0.0
OPP0025,R017,P003,C004,2023-11-16,2024-01-20,Closed Lost,3612.01,0,65,0,1,0.0
OPP0026,R018,P003,C002,2023-05-04,2023-06-18,Closed Won,3086.5,100,45,1,1,3086.5
OPP0027,R002,P001,C003,2024-08-25,2024-10-06,Closed Won,41855.83,100,42,1,1,41855.83
OPP0028,R005,P004,C006,2023-03-14,2023-06-01,Closed Won,23124.57,100,79,1,1,23124.57
OPP0029,R007,P004,C001,2024-08-07,2024-11-02,Closed Lost,28315.6,0,87,0,1,0.0
OPP0030,R002,P004,C006,2023-04-10,2023-07-17,Closed Lost,24847.14,0,98,0,1,0.0
OPP0031,R011,P001,C001,2024-10-31,,Prospecting,44591.29,25,598,0,0,11147.82
OPP0032,R009,P002,C004,2023-07-16,2023-08-23,Closed Lost,11971.9,0,38,0,1,0.0
OPP0033,R018,P005,C001,2023-09-13,2023-10-06,Closed Lost,7074.14,0,23,0,1,0.0
OPP0034,R016,P002,C002,2023-04-06,2023-07-25,Closed Lost,11906.94,0,110,0,1,0.0
OPP0035,R009,P001,C004,2024-02-15,2024-03-07,Closed Won,53768.61,100,21,1,1,53768.61
OPP0036,R016,P005,C002,2023-10-20,2023-12-27,Closed Lost,8653.24,0,68,0,1,0.0
OPP0037,R018,P001,C001,2023-07-14,2023-09-03,Closed Won,47372.09,100,51,1,1,47372.09
OPP0038,R017,P004,C002,2023-11-18,2023-12-09,Closed Won,25649.94,100,21,1,1,25649.94
OPP0039,R003,P002,C006,2023-02-28,2023-05-18,Closed Won,10487.79,100,79,1,1,10487.79
OPP0040,R020,P005,C001,2023-08-29,2023-11-02,Closed Won,7489.4,100,65,1,1,7489.4
OPP0041,R011,P005,C003,2024-09-26,2024-10-20,Closed Lost,8382.64,0,24,0,1,0.0
OPP0042,R005,P002,C006,2023-07-29,2023-11-05,Closed Lost,11315.58,0,99,0,1,0.0
OPP0043,R020,P001,C005,2024-10-22,2024-12-13,Closed Lost,38396.72,0,52,0,1,0.0
OPP0044,R012,P005,C001,2023-04-13,2023-05-06,Closed Lost,7542.56,0,23,0,1,0.0
OPP0045,R010,P004,C005,2023-09-08,2023-11-08,Closed Won,28545.27,100,61,1,1,28545.27
OPP0046,R004,P005,C002,2024-10-31,,Prospecting,7638.26,50,598,0,0,3819.13
OPP0047,R020,P002,C002,2023-04-29,2023-05-26,Closed Lost,11343.86,0,27,0,1,0.0
OPP0048,R009,P003,C001,2023-12-18,2024-01-27,Closed Lost,3696.82,0,40,0,1,0.0
OPP0049,R011,P003,C002,2023-04-05,2023-07-09,Closed Lost,3115.55,0,95,0,1,0.0
OPP0050,R014,P004,C005,2024-10-14,2024-11-30,Closed Won,26077.2,100,47,1,1,26077.2
OPP0051,R012,P002,C005,2023-01-10,2023-02-07,Closed Won,12491.48,100,28,1,1,12491.48
OPP0052,R002,P001,C003,2024-07-19,2024-08-20,Closed Lost,43105.07,0,32,0,1,0.0
OPP0053,R018,P001,C004,2023-08-04,2023-11-13,Closed Won,43820.44,100,101,1,1,43820.44
OPP0054,R006,P002,C004,2024-09-27,,Qualification,13831.34,10,632,0,0,1383.13
OPP0055,R008,P004,C003,2023-07-03,2023-10-19,Closed Lost,28269.56,0,108,0,1,0.0
OPP0056,R016,P004,C002,2023-06-13,2023-10-05,Closed Lost,28881.46,0,114,0,1,0.0
OPP0057,R008,P003,C002,2023-07-24,2023-11-19,Closed Lost,3444.54,0,118,0,1,0.0
OPP0058,R003,P003,C003,2023-01-25,2023-05-03,Closed Won,3411.04,100,98,1,1,3411.04
OPP0059,R001,P005,C001,2023-12-26,2024-03-31,Closed Lost,7727.22,0,96,0,1,0.0
OPP0060,R020,P003,C004,2023-09-25,2023-10-31,Closed Lost,3108.2,0,36,0,1,0.0
OPP0061,R017,P004,C001,2023-12-20,2024-04-05,Closed Lost,26554.33,0,107,0,1,0.0
OPP0062,R001,P001,C005,2024-01-30,2024-04-26,Closed Won,49413.37,100,87,1,1,49413.37
OPP0063,R003,P002,C006,2024-07-05,2024-10-14,Closed Lost,11729.73,0,101,0,1,0.0
OPP0064,R010,P001,C005,2023-12-05,2024-03-07,Closed Won,49586.13,100,93,1,1,49586.13
OPP0065,R018,P004,C002,2023-11-13,2024-02-20,Closed Lost,27350.57,0,99,0,1,0.0
OPP0066,R006,P004,C005,2023-07-16,2023-09-21,Closed Lost,27176.53,0,67,0,1,0.0
OPP0067,R007,P001,C004,2024-08-05,2024-09-26,Closed Lost,43036.03,0,52,0,1,0.0
OPP0068,R007,P004,C005,2024-08-16,2024-11-15,Closed Lost,25115.63,0,91,0,1,0.0
OPP0069,R010,P002,C005,2024-04-29,2024-08-22,Closed Lost,12967.17,0,115,0,1,0.0
OPP0070,R008,P001,C006,2024-11-10,,Proposal,51140.17,50,588,0,0,25570.08
OPP0071,R016,P001,C005,2023-08-19,2023-12-14,Closed Won,38977.87,100,117,1,1,38977.87
OPP0072,R013,P005,C004,2023-03-16,2023-05-27,Closed Lost,7344.42,0,72,0,1,0.0
OPP0073,R004,P001,C004,2024-02-14,2024-03-30,Closed Won,52309.39,100,45,1,1,52309.39
OPP0074,R018,P005,C002,2023-08-13,2023-09-18,Closed Lost,8100.74,0,36,0,1,0.0
OPP0075,R018,P004,C005,2023-05-05,2023-07-16,Closed Won,27091.31,100,72,1,1,27091.31
OPP0076,R017,P005,C004,2023-11-21,2024-03-10,Closed Lost,9082.02,0,110,0,1,0.0
OPP0077,R008,P004,C006,2024-07-15,2024-09-24,Closed Lost,25188.11,0,71,0,1,0.0
OPP0078,R009,P004,C004,2023-10-11,2024-01-31,Closed Lost,26734.05,0,112,0,1,0.0
OPP0079,R018,P003,C001,2023-03-21,2023-07-04,Closed Won,3483.17,100,105,1,1,3483.17
OPP0080,R003,P002,C004,2023-05-22,2023-06-24,Closed Won,13166.96,100,33,1,1,13166.96
OPP0081,R014,P004,C004,2024-02-22,2024-04-18,Closed Lost,21794.82,0,56,0,1,0.0
OPP0082,R001,P005,C003,2024-08-21,2024-12-02,Closed Won,7865.07,100,103,1,1,7865.07
OPP0083,R018,P004,C005,2023-11-02,2024-02-20,Closed Lost,25959.43,0,110,0,1,0.0
OPP0084,R013,P004,C003,2023-08-14,2023-10-29,Closed Won,25499.37,100,76,1,1,25499.37
OPP0085,R005,P002,C005,2024-11-15,,Negotiation,13730.12,90,583,0,0,12357.11
OPP0086,R014,P001,C002,2023-01-28,2023-04-02,Closed Lost,39572.17,0,64,0,1,0.0
OPP0087,R015,P004,C003,2024-04-17,2024-05-24,Closed Won,24114.34,100,37,1,1,24114.34
OPP0088,R014,P003,C003,2023-12-12,2024-04-01,Closed Lost,4007.53,0,111,0,1,0.0
OPP0089,R012,P005,C002,2023-03-25,2023-06-07,Closed Won,6945.84,100,74,1,1,6945.84
OPP0090,R008,P001,C002,2024-10-27,2024-11-18,Closed Lost,50129.17,0,22,0,1,0.0
OPP0091,R004,P002,C005,2023-01-21,2023-04-24,Closed Won,12188.96,100,93,1,1,12188.96
OPP0092,R020,P003,C006,2023-08-12,2023-10-24,Closed Lost,3271.41,0,73,0,1,0.0
OPP0093,R001,P003,C003,2023-04-28,2023-08-19,Closed Lost,3196.2,0,113,0,1,0.0
OPP0094,R007,P004,C001,2024-08-12,2024-11-20,Closed Lost,24720.73,0,100,0,1,0.0
OPP0095,R010,P002,C006,2024-08-29,2024-12-09,Closed Lost,10627.99,0,102,0,1,0.0
OPP0096,R012,P005,C005,2024-09-06,,Prospecting,8991.38,75,653,0,0,6743.53
OPP0097,R001,P005,C004,2024-11-08,,Prospecting,8613.12,75,590,0,0,6459.84
OPP0098,R014,P004,C002,2023-04-19,2023-06-27,Closed Lost,27438.95,0,69,0,1,0.0
OPP0099,R015,P005,C004,2024-06-18,2024-09-23,Closed Won,8969.0,100,97,1,1,8969.0
OPP0100,R003,P002,C003,2024-08-29,2024-10-16,Closed Won,13689.07,100,48,1,1,13689.07
OPP0101,R013,P005,C003,2024-04-06,2024-05-21,Closed Lost,8508.93,0,45,0,1,0.0
OPP0102,R012,P002,C003,2023-01-30,2023-04-17,Closed Lost,12247.71,0,77,0,1,0.0
OPP0103,R017,P003,C002,2023-12-15,2024-02-02,Closed Lost,3760.3,0,49,0,1,0.0
OPP0104,R008,P004,C006,2023-03-29,2023-05-12,Closed Lost,26107.79,0,44,0,1,0.0
OPP0105,R003,P004,C003,2024-05-02,2024-08-06,Closed Lost,28188.16,0,96,0,1,0.0
OPP0106,R012,P003,C004,2023-08-15,2023-10-19,Closed Lost,3896.59,0,65,0,1,0.0
OPP0107,R015,P005,C003,2024-07-20,2024-10-09,Closed Won,7726.22,100,81,1,1,7726.22
OPP0108,R018,P002,C006,2023-11-10,2023-12-26,Closed Won,11525.3,100,46,1,1,11525.3
OPP0109,R019,P004,C005,2023-07-09,2023-08-16,Closed Won,23669.37,100,38,1,1,23669.37
OPP0110,R012,P002,C002,2024-09-03,2024-10-23,Closed Lost,11444.24,0,50,0,1,0.0
OPP0111,R002,P002,C005,2023-11-06,2023-11-21,Closed Lost,11352.11,0,15,0,1,0.0
OPP0112,R001,P004,C005,2023-10-27,2024-02-07,Closed Lost,22147.64,0,103,0,1,0.0
OPP0113,R002,P003,C003,2023-10-19,2024-01-01,Closed Lost,3292.3,0,74,0,1,0.0
OPP0114,R019,P004,C006,2024-05-04,2024-06-01,Closed Lost,25552.78,0,28,0,1,0.0
OPP0115,R003,P005,C002,2023-02-24,2023-03-29,Closed Won,9457.55,100,33,1,1,9457.55
OPP0116,R020,P005,C002,2023-05-02,2023-07-26,Closed Lost,8469.16,0,85,0,1,0.0
OPP0117,R019,P004,C004,2024-06-19,2024-08-20,Closed Lost,23851.84,0,62,0,1,0.0
OPP0118,R004,P005,C002,2023-11-09,2024-02-03,Closed Lost,9488.3,0,86,0,1,0.0
OPP0119,R006,P001,C005,2024-10-02,2024-11-12,Closed Won,40723.65,100,41,1,1,40723.65
OPP0120,R016,P004,C003,2023-03-18,2023-04-21,Closed Won,27282.0,100,34,1,1,27282.0
OPP0121,R015,P003,C001,2023-02-03,2023-03-18,Closed Won,3945.76,100,43,1,1,3945.76
OPP0122,R007,P005,C004,2023-08-28,2023-10-14,Closed Lost,8651.31,0,47,0,1,0.0
OPP0123,R005,P002,C001,2023-04-28,2023-07-20,Closed Won,14015.33,100,83,1,1,14015.33
OPP0124,R019,P005,C003,2023-03-03,2023-04-07,Closed Lost,8897.08,0,35,0,1,0.0
OPP0125,R009,P003,C005,2024-03-25,2024-04-23,Closed Lost,3941.66,0,29,0,1,0.0
OPP0126,R014,P005,C006,2024-07-06,2024-09-21,Closed Lost,6911.61,0,77,0,1,0.0
OPP0127,R019,P001,C005,2023-11-27,2024-02-26,Closed Won,41855.56,100,91,1,1,41855.56
OPP0128,R006,P003,C004,2023-01-22,2023-05-13,Closed Lost,3786.07,0,111,0,1,0.0
OPP0129,R019,P003,C004,2024-06-15,2024-09-20,Closed Lost,3288.68,0,97,0,1,0.0
OPP0130,R014,P001,C003,2024-10-12,,Negotiation,45652.66,50,617,0,0,22826.33
OPP0131,R016,P003,C003,2024-11-17,2024-12-14,Closed Lost,3578.67,0,27,0,1,0.0
OPP0132,R009,P004,C003,2024-11-09,,Prospecting,22020.52,10,589,0,0,2202.05
OPP0133,R018,P001,C004,2024-02-18,2024-05-07,Closed Lost,48608.15,0,79,0,1,0.0
OPP0134,R016,P003,C006,2024-02-28,2024-03-19,Closed Won,3844.52,100,20,1,1,3844.52
OPP0135,R010,P003,C004,2024-03-28,2024-07-17,Closed Won,3752.02,100,111,1,1,3752.02
OPP0136,R006,P005,C003,2024-05-11,2024-06-09,Closed Won,9038.08,100,29,1,1,9038.08
OPP0137,R004,P001,C004,2024-07-18,2024-08-02,Closed Lost,41789.04,0,15,0,1,0.0
OPP0138,R010,P004,C005,2023-05-01,2023-08-05,Closed Lost,29410.71,0,96,0,1,0.0
OPP0139,R018,P004,C002,2023-10-07,2023-12-13,Closed Lost,23382.65,0,67,0,1,0.0
OPP0140,R005,P005,C001,2024-01-28,2024-03-06,Closed Lost,8889.62,0,38,0,1,0.0
OPP0141,R017,P004,C003,2023-10-10,2024-01-30,Closed Lost,24223.91,0,112,0,1,0.0
OPP0142,R016,P005,C002,2023-01-03,2023-02-22,Closed Lost,8423.79,0,50,0,1,0.0
OPP0143,R018,P003,C004,2024-04-02,2024-06-23,Closed Lost,3755.42,0,82,0,1,0.0
OPP0144,R008,P002,C004,2024-04-11,2024-06-05,Closed Lost,12601.55,0,55,0,1,0.0
OPP0145,R005,P004,C004,2023-02-14,2023-04-09,Closed Lost,24628.19,0,54,0,1,0.0
OPP0146,R004,P005,C004,2023-02-07,2023-03-09,Closed Lost,7729.59,0,30,0,1,0.0
OPP0147,R014,P001,C006,2023-04-13,2023-07-03,Closed Lost,49628.49,0,81,0,1,0.0
OPP0148,R013,P003,C006,2023-06-08,2023-07-01,Closed Lost,3486.59,0,23,0,1,0.0
OPP0149,R011,P005,C006,2023-03-24,2023-05-19,Closed Lost,7864.03,0,56,0,1,0.0
OPP0150,R010,P001,C002,2024-05-14,2024-08-05,Closed Won,41947.63,100,83,1,1,41947.63
OPP0151,R010,P001,C001,2023-04-03,2023-06-11,Closed Lost,45237.94,0,69,0,1,0.0
OPP0152,R014,P003,C002,2023-02-17,2023-04-13,Closed Lost,3511.66,0,55,0,1,0.0
OPP0153,R003,P002,C005,2023-09-08,2023-11-28,Closed Lost,10913.93,0,81,0,1,0.0
OPP0154,R005,P004,C002,2024-01-27,2024-04-29,Closed Lost,29237.25,0,93,0,1,0.0
OPP0155,R015,P003,C003,2024-04-17,2024-07-21,Closed Won,3900.22,100,95,1,1,3900.22
OPP0156,R012,P001,C005,2024-11-24,,Qualification,45207.24,50,574,0,0,22603.62
OPP0157,R007,P004,C004,2024-10-16,2024-12-23,Closed Lost,28646.41,0,68,0,1,0.0
OPP0158,R010,P005,C006,2024-05-09,2024-06-05,Closed Won,7805.09,100,27,1,1,7805.09
OPP0159,R019,P004,C006,2023-10-30,2023-11-15,Closed Lost,23651.7,0,16,0,1,0.0
OPP0160,R008,P003,C005,2023-02-20,2023-05-22,Closed Lost,4037.43,0,91,0,1,0.0
OPP0161,R005,P005,C006,2023-12-27,2024-02-07,Closed Lost,7501.76,0,42,0,1,0.0
OPP0162,R002,P003,C005,2023-04-10,2023-07-13,Closed Lost,4053.65,0,94,0,1,0.0
OPP0163,R014,P003,C002,2024-01-09,2024-04-25,Closed Won,3471.67,100,107,1,1,3471.67
OPP0164,R009,P003,C002,2023-07-25,2023-08-24,Closed Lost,3728.87,0,30,0,1,0.0
OPP0165,R011,P003,C001,2023-09-21,2024-01-18,Closed Lost,4000.66,0,119,0,1,0.0
OPP0166,R013,P002,C005,2024-04-24,2024-05-17,Closed Won,13812.59,100,23,1,1,13812.59
OPP0167,R004,P001,C004,2024-01-10,2024-02-04,Closed Lost,42415.22,0,25,0,1,0.0
OPP0168,R012,P003,C001,2024-01-13,2024-04-22,Closed Lost,3796.55,0,100,0,1,0.0
OPP0169,R018,P001,C003,2024-11-22,,Negotiation,48007.86,90,576,0,0,43207.07
OPP0170,R010,P004,C006,2023-08-15,2023-11-19,Closed Won,29207.14,100,96,1,1,29207.14
OPP0171,R016,P001,C001,2024-02-23,2024-03-22,Closed Won,43043.74,100,28,1,1,43043.74
OPP0172,R012,P002,C006,2023-04-10,2023-05-24,Closed Lost,11832.31,0,44,0,1,0.0
OPP0173,R004,P002,C004,2024-07-07,2024-09-12,Closed Lost,13918.74,0,67,0,1,0.0
OPP0174,R012,P003,C002,2024-09-22,2024-11-27,Closed Lost,3101.22,0,66,0,1,0.0
OPP0175,R012,P003,C005,2024-03-30,2024-06-08,Closed Lost,3185.19,0,70,0,1,0.0
OPP0176,R004,P003,C004,2024-10-22,2024-12-20,Closed Won,3299.16,100,59,1,1,3299.16
OPP0177,R002,P005,C003,2023-04-04,2023-07-11,Closed Won,9519.06,100,98,1,1,9519.06
OPP0178,R018,P002,C002,2023-09-07,2023-10-07,Closed Lost,10488.16,0,30,0,1,0.0
OPP0179,R005,P002,C005,2024-08-23,2024-10-03,Closed Lost,11579.95,0,41,0,1,0.0
OPP0180,R018,P002,C003,2023-01-03,2023-02-21,Closed Lost,14347.61,0,49,0,1,0.0
OPP0181,R012,P001,C002,2023-06-28,2023-07-26,Closed Lost,40325.9,0,28,0,1,0.0
OPP0182,R014,P003,C005,2024-08-25,2024-10-19,Closed Won,3126.02,100,55,1,1,3126.02
OPP0183,R017,P004,C005,2023-04-27,2023-08-14,Closed Won,28057.65,100,109,1,1,28057.65
OPP0184,R017,P005,C003,2023-04-22,2023-07-02,Closed Lost,6921.42,0,71,0,1,0.0
OPP0185,R013,P001,C004,2024-04-14,2024-07-19,Closed Lost,53977.74,0,96,0,1,0.0
OPP0186,R003,P004,C003,2023-04-21,2023-07-06,Closed Lost,21893.04,0,76,0,1,0.0
OPP0187,R019,P003,C005,2024-09-14,2024-10-16,Closed Won,3846.64,100,32,1,1,3846.64
OPP0188,R017,P005,C005,2023-11-29,2024-01-30,Closed Lost,7625.71,0,62,0,1,0.0
OPP0189,R018,P001,C006,2024-03-16,2024-04-11,Closed Lost,51681.49,0,26,0,1,0.0
OPP0190,R015,P002,C004,2023-08-09,2023-10-17,Closed Lost,11938.02,0,69,0,1,0.0
OPP0191,R009,P004,C003,2024-03-01,2024-06-16,Closed Won,23984.58,100,107,1,1,23984.58
OPP0192,R003,P001,C001,2023-06-06,2023-09-15,Closed Lost,39686.79,0,101,0,1,0.0
OPP0193,R018,P003,C001,2024-03-18,2024-04-13,Closed Lost,4082.83,0,26,0,1,0.0
OPP0194,R014,P001,C006,2024-08-23,2024-11-16,Closed Lost,44720.24,0,85,0,1,0.0
OPP0195,R017,P003,C002,2023-02-22,2023-04-13,Closed Lost,3190.54,0,50,0,1,0.0
OPP0196,R018,P001,C003,2023-06-08,2023-09-14,Closed Lost,43764.3,0,98,0,1,0.0
OPP0197,R018,P002,C005,2023-04-28,2023-08-17,Closed Won,13590.33,100,111,1,1,13590.33
OPP0198,R009,P001,C001,2024-09-20,2024-12-29,Closed Lost,47841.67,0,100,0,1,0.0
OPP0199,R012,P003,C001,2023-07-04,2023-08-21,Closed Lost,4221.14,0,48,0,1,0.0
OPP0200,R001,P004,C001,2023-07-05,2023-08-06,Closed Lost,21858.87,0,32,0,1,0.0
OPP0201,R012,P004,C003,2024-06-27,2024-08-07,Closed Won,24232.84,100,41,1,1,24232.84
OPP0202,R002,P005,C002,2023-11-29,2024-03-21,Closed Lost,7037.88,0,113,0,1,0.0
OPP0203,R014,P001,C004,2023-06-11,2023-09-29,Closed Lost,42535.62,0,110,0,1,0.0
OPP0204,R004,P002,C003,2024-09-13,2024-11-22,Closed Lost,13370.76,0,70,0,1,0.0
OPP0205,R010,P005,C001,2024-03-16,2024-04-13,Closed Won,8162.57,100,28,1,1,8162.57
OPP0206,R010,P001,C002,2023-08-14,2023-10-17,Closed Lost,38371.07,0,64,0,1,0.0
OPP0207,R016,P003,C006,2023-05-21,2023-09-09,Closed Won,3211.18,100,111,1,1,3211.18
OPP0208,R017,P005,C005,2024-03-16,2024-04-21,Closed Won,8770.28,100,36,1,1,8770.28
OPP0209,R002,P001,C004,2024-11-15,,Proposal,44503.87,10,583,0,0,4450.39
OPP0210,R013,P005,C006,2024-04-15,2024-05-08,Closed Lost,8002.0,0,23,0,1,0.0
OPP0211,R011,P004,C002,2024-10-17,2024-12-23,Closed Won,21432.49,100,67,1,1,21432.49
OPP0212,R004,P003,C002,2024-09-24,2024-12-05,Closed Lost,3171.04,0,72,0,1,0.0
OPP0213,R010,P001,C006,2024-03-22,2024-06-19,Closed Lost,44483.33,0,89,0,1,0.0
OPP0214,R004,P002,C005,2023-12-14,2024-01-25,Closed Won,10520.79,100,42,1,1,10520.79
OPP0215,R005,P003,C002,2024-06-06,2024-07-14,Closed Lost,3502.39,0,38,0,1,0.0
OPP0216,R003,P002,C002,2023-04-16,2023-05-18,Closed Won,12730.08,100,32,1,1,12730.08
OPP0217,R015,P005,C006,2024-10-05,2024-12-21,Closed Lost,8927.66,0,77,0,1,0.0
OPP0218,R011,P005,C002,2024-08-01,2024-11-05,Closed Lost,7704.98,0,96,0,1,0.0
OPP0219,R019,P003,C001,2024-03-26,2024-04-17,Closed Lost,4063.38,0,22,0,1,0.0
OPP0220,R002,P004,C003,2023-12-27,2024-03-14,Closed Won,25204.25,100,78,1,1,25204.25
OPP0221,R017,P001,C004,2023-10-21,2023-11-13,Closed Lost,47936.38,0,23,0,1,0.0
OPP0222,R019,P001,C006,2024-04-18,2024-07-15,Closed Lost,45333.31,0,88,0,1,0.0
OPP0223,R002,P005,C004,2023-07-12,2023-09-05,Closed Lost,7222.41,0,55,0,1,0.0
OPP0224,R003,P003,C005,2023-04-16,2023-08-11,Closed Lost,4297.81,0,117,0,1,0.0
OPP0225,R017,P004,C005,2024-10-23,2024-11-28,Closed Won,29921.13,100,36,1,1,29921.13
OPP0226,R011,P003,C006,2024-09-16,2024-10-20,Closed Won,3548.14,100,34,1,1,3548.14
OPP0227,R004,P003,C005,2024-09-04,2024-09-24,Closed Lost,3143.05,0,20,0,1,0.0
OPP0228,R020,P003,C002,2024-11-25,,Proposal,3971.9,50,573,0,0,1985.95
OPP0229,R013,P003,C002,2023-03-25,2023-06-21,Closed Lost,3450.89,0,88,0,1,0.0
OPP0230,R011,P003,C002,2024-09-01,2024-12-14,Closed Lost,3764.24,0,104,0,1,0.0
OPP0231,R001,P004,C003,2024-11-17,,Prospecting,25699.27,50,581,0,0,12849.64
OPP0232,R005,P004,C002,2023-07-04,2023-08-14,Closed Won,22930.05,100,41,1,1,22930.05
OPP0233,R018,P001,C006,2023-03-21,2023-05-11,Closed Lost,46246.11,0,51,0,1,0.0
OPP0234,R013,P005,C002,2024-06-23,2024-07-11,Closed Lost,7166.94,0,18,0,1,0.0
OPP0235,R006,P005,C006,2023-06-16,2023-07-23,Closed Lost,9065.32,0,37,0,1,0.0
OPP0236,R020,P002,C003,2024-03-24,2024-04-12,Closed Lost,14272.27,0,19,0,1,0.0
OPP0237,R016,P003,C002,2024-04-04,2024-05-17,Closed Lost,4276.65,0,43,0,1,0.0
OPP0238,R010,P004,C004,2024-01-12,2024-04-21,Closed Lost,25289.7,0,100,0,1,0.0
OPP0239,R020,P002,C002,2024-05-29,2024-08-18,Closed Lost,13630.94,0,81,0,1,0.0
OPP0240,R004,P003,C006,2023-09-14,2023-10-04,Closed Lost,3758.72,0,20,0,1,0.0
OPP0241,R017,P002,C002,2024-06-12,2024-07-11,Closed Won,11345.72,100,29,1,1,11345.72
OPP0242,R012,P002,C001,2024-03-23,2024-04-17,Closed Lost,13630.15,0,25,0,1,0.0
OPP0243,R003,P003,C003,2024-02-29,2024-03-20,Closed Lost,3357.08,0,20,0,1,0.0
OPP0244,R011,P001,C002,2023-08-18,2023-09-04,Closed Won,51467.03,100,17,1,1,51467.03
OPP0245,R005,P004,C006,2023-05-21,2023-06-08,Closed Won,27340.63,100,18,1,1,27340.63
OPP0246,R007,P001,C002,2024-04-25,2024-07-05,Closed Lost,38549.31,0,71,0,1,0.0
OPP0247,R010,P004,C002,2024-07-15,2024-10-30,Closed Lost,22222.89,0,107,0,1,0.0
OPP0248,R020,P004,C004,2023-11-05,2023-12-04,Closed Won,26840.83,100,29,1,1,26840.83
OPP0249,R001,P004,C006,2023-03-06,2023-04-03,Closed Lost,26471.47,0,28,0,1,0.0
OPP0250,R001,P002,C005,2024-06-11,2024-09-06,Closed Won,11423.34,100,87,1,1,11423.34
OPP0251,R003,P002,C005,2023-12-28,2024-02-10,Closed Lost,12990.36,0,44,0,1,0.0
OPP0252,R017,P005,C005,2024-01-05,2024-01-27,Closed Lost,8220.52,0,22,0,1,0.0
OPP0253,R012,P001,C003,2023-01-21,2023-03-25,Closed Lost,48261.81,0,63,0,1,0.0
OPP0254,R004,P003,C005,2023-01-17,2023-03-17,Closed Lost,3363.82,0,59,0,1,0.0
OPP0255,R006,P005,C006,2023-12-07,2024-01-07,Closed Won,7747.93,100,31,1,1,7747.93
OPP0256,R003,P002,C006,2024-04-20,2024-08-01,Closed Lost,13608.29,0,103,0,1,0.0
OPP0257,R002,P001,C003,2024-04-13,2024-05-01,Closed Won,50709.97,100,18,1,1,50709.97
OPP0258,R002,P005,C006,2023-11-14,2024-02-01,Closed Lost,8125.52,0,79,0,1,0.0
OPP0259,R011,P001,C003,2023-07-15,2023-09-03,Closed Won,51886.32,100,50,1,1,51886.32
OPP0260,R013,P004,C003,2023-05-08,2023-09-01,Closed Won,27753.94,100,116,1,1,27753.94
OPP0261,R017,P003,C003,2023-07-11,2023-09-26,Closed Lost,4224.63,0,77,0,1,0.0
OPP0262,R006,P004,C005,2023-03-26,2023-07-11,Closed Lost,26521.47,0,107,0,1,0.0
OPP0263,R010,P003,C004,2023-10-28,2023-12-22,Closed Won,3892.76,100,55,1,1,3892.76
OPP0264,R002,P004,C006,2024-09-09,2024-12-23,Closed Lost,24326.04,0,105,0,1,0.0
OPP0265,R002,P003,C001,2023-12-28,2024-03-29,Closed Lost,3865.73,0,92,0,1,0.0
OPP0266,R006,P003,C001,2024-11-18,,Negotiation,3706.49,25,580,0,0,926.62
OPP0267,R008,P001,C006,2024-09-14,2024-12-23,Closed Lost,40238.12,0,100,0,1,0.0
OPP0268,R005,P005,C006,2024-01-11,2024-03-11,Closed Lost,6890.68,0,60,0,1,0.0
OPP0269,R017,P001,C003,2024-04-05,2024-06-05,Closed Won,47289.27,100,61,1,1,47289.27
OPP0270,R001,P002,C006,2024-02-12,2024-04-06,Closed Lost,14234.18,0,54,0,1,0.0
OPP0271,R009,P005,C006,2023-07-10,2023-09-25,Closed Lost,7129.73,0,77,0,1,0.0
OPP0272,R016,P003,C002,2024-04-01,2024-05-12,Closed Lost,3934.42,0,41,0,1,0.0
OPP0273,R015,P004,C001,2023-05-06,2023-06-06,Closed Lost,22760.74,0,31,0,1,0.0
OPP0274,R010,P001,C003,2024-11-29,,Proposal,46912.46,25,569,0,0,11728.12
OPP0275,R007,P005,C002,2024-10-15,2024-11-20,Closed Lost,7427.88,0,36,0,1,0.0
OPP0276,R012,P003,C004,2023-08-31,2023-12-24,Closed Lost,3758.07,0,115,0,1,0.0
OPP0277,R013,P001,C006,2024-07-18,2024-08-17,Closed Lost,39285.53,0,30,0,1,0.0
OPP0278,R003,P004,C002,2024-05-05,2024-07-25,Closed Lost,28454.22,0,81,0,1,0.0
OPP0279,R012,P004,C002,2023-11-21,2024-02-25,Closed Won,27200.95,100,96,1,1,27200.95
OPP0280,R002,P002,C001,2024-07-18,2024-10-21,Closed Lost,12017.0,0,95,0,1,0.0
OPP0281,R008,P002,C003,2024-06-14,2024-07-17,Closed Won,11555.18,100,33,1,1,11555.18
OPP0282,R018,P003,C003,2024-06-15,2024-08-04,Closed Lost,3307.34,0,50,0,1,0.0
OPP0283,R006,P005,C005,2023-05-09,2023-08-11,Closed Won,7061.6,100,94,1,1,7061.6
OPP0284,R020,P005,C003,2024-08-17,2024-09-19,Closed Won,8817.77,100,33,1,1,8817.77
OPP0285,R019,P001,C003,2024-07-31,2024-08-19,Closed Lost,39529.26,0,19,0,1,0.0
OPP0286,R001,P004,C004,2024-10-28,2024-12-07,Closed Lost,26658.45,0,40,0,1,0.0
OPP0287,R013,P003,C003,2024-10-04,2024-12-26,Closed Won,3668.51,100,83,1,1,3668.51
OPP0288,R016,P002,C004,2024-04-09,2024-05-02,Closed Lost,12046.34,0,23,0,1,0.0
OPP0289,R011,P003,C006,2023-07-28,2023-09-23,Closed Lost,4145.47,0,57,0,1,0.0
OPP0290,R004,P003,C003,2023-12-20,2024-02-23,Closed Won,3708.87,100,65,1,1,3708.87
OPP0291,R004,P004,C001,2023-09-05,2023-11-17,Closed Won,23419.29,100,73,1,1,23419.29
OPP0292,R006,P004,C003,2023-10-25,2023-12-27,Closed Lost,23422.36,0,63,0,1,0.0
OPP0293,R017,P002,C004,2024-08-14,2024-11-28,Closed Won,12292.72,100,106,1,1,12292.72
OPP0294,R017,P001,C004,2024-05-25,2024-07-17,Closed Lost,53137.42,0,53,0,1,0.0
OPP0295,R016,P001,C005,2023-09-04,2023-10-15,Closed Lost,39046.01,0,41,0,1,0.0
OPP0296,R004,P003,C004,2024-10-31,,Negotiation,3736.23,25,598,0,0,934.06
OPP0297,R013,P004,C001,2023-09-28,2024-01-13,Closed Won,24451.95,100,107,1,1,24451.95
OPP0298,R013,P005,C005,2024-08-06,2024-10-30,Closed Won,7608.08,100,85,1,1,7608.08
OPP0299,R004,P005,C002,2024-04-06,2024-07-26,Closed Lost,8705.12,0,111,0,1,0.0
OPP0300,R012,P003,C002,2023-04-10,2023-06-13,Closed Won,3762.87,100,64,1,1,3762.87
OPP0301,R002,P005,C002,2023-07-23,2023-10-22,Closed Lost,6912.71,0,91,0,1,0.0
OPP0302,R017,P004,C002,2023-12-08,2024-04-02,Closed Lost,22553.23,0,116,0,1,0.0
OPP0303,R010,P004,C005,2023-12-02,2024-03-03,Closed Won,29917.89,100,92,1,1,29917.89
OPP0304,R019,P005,C003,2023-12-11,2024-02-27,Closed Lost,8171.57,0,78,0,1,0.0
OPP0305,R014,P003,C005,2024-05-01,2024-08-27,Closed Won,3909.0,100,118,1,1,3909.0
OPP0306,R009,P001,C006,2023-11-12,2024-03-06,Closed Lost,47651.33,0,115,0,1,0.0
OPP0307,R006,P001,C005,2024-08-15,2024-11-10,Closed Won,47440.49,100,87,1,1,47440.49
OPP0308,R008,P002,C001,2024-10-06,,Negotiation,13650.98,90,623,0,0,12285.88
OPP0309,R014,P003,C006,2023-04-23,2023-05-31,Closed Won,3587.66,100,38,1,1,3587.66
OPP0310,R002,P005,C006,2023-07-28,2023-10-02,Closed Lost,9377.46,0,66,0,1,0.0
OPP0311,R016,P003,C005,2023-05-22,2023-08-10,Closed Won,4317.63,100,80,1,1,4317.63
OPP0312,R011,P004,C005,2024-01-21,2024-03-15,Closed Lost,29231.09,0,54,0,1,0.0
OPP0313,R007,P003,C002,2023-12-29,2024-04-07,Closed Lost,3828.7,0,100,0,1,0.0
OPP0314,R007,P003,C006,2023-10-13,2024-01-06,Closed Won,4031.68,100,85,1,1,4031.68
OPP0315,R009,P005,C003,2024-05-15,2024-07-08,Closed Lost,9414.36,0,54,0,1,0.0
OPP0316,R013,P004,C003,2023-05-05,2023-07-31,Closed Lost,29087.9,0,87,0,1,0.0
OPP0317,R015,P001,C006,2023-05-30,2023-07-20,Closed Won,43705.23,100,51,1,1,43705.23
OPP0318,R009,P002,C005,2023-09-20,2024-01-07,Closed Lost,13677.4,0,109,0,1,0.0
OPP0319,R002,P005,C006,2023-10-06,2023-11-06,Closed Won,7469.99,100,31,1,1,7469.99
OPP0320,R011,P001,C006,2024-06-27,2024-08-08,Closed Lost,39828.12,0,42,0,1,0.0
OPP0321,R018,P002,C002,2024-04-28,2024-05-24,Closed Lost,10221.76,0,26,0,1,0.0
OPP0322,R007,P004,C003,2024-02-21,2024-05-28,Closed Lost,25427.67,0,97,0,1,0.0
OPP0323,R008,P001,C005,2023-11-25,2024-01-14,Closed Lost,48523.71,0,50,0,1,0.0
OPP0324,R002,P002,C004,2023-02-08,2023-03-16,Closed Lost,14122.47,0,36,0,1,0.0
OPP0325,R001,P003,C003,2024-05-22,2024-06-28,Closed Lost,4164.7,0,37,0,1,0.0
OPP0326,R018,P003,C005,2024-08-04,2024-11-03,Closed Won,3418.55,100,91,1,1,3418.55
OPP0327,R004,P004,C003,2024-05-20,2024-06-20,Closed Lost,23637.32,0,31,0,1,0.0
OPP0328,R001,P003,C006,2023-06-16,2023-10-01,Closed Lost,3965.43,0,107,0,1,0.0
OPP0329,R013,P002,C004,2023-12-12,2024-04-05,Closed Won,10937.08,100,115,1,1,10937.08
OPP0330,R005,P001,C004,2024-06-11,2024-08-05,Closed Won,41160.3,100,55,1,1,41160.3
OPP0331,R009,P004,C003,2023-11-28,2024-01-12,Closed Won,23310.81,100,45,1,1,23310.81
OPP0332,R012,P001,C006,2023-11-06,2024-02-02,Closed Lost,42369.46,0,88,0,1,0.0
OPP0333,R013,P004,C006,2023-08-30,2023-09-20,Closed Lost,23934.56,0,21,0,1,0.0
OPP0334,R010,P001,C003,2024-05-29,2024-09-10,Closed Lost,48309.7,0,104,0,1,0.0
OPP0335,R015,P002,C006,2024-09-21,2024-11-02,Closed Won,12208.36,100,42,1,1,12208.36
OPP0336,R018,P005,C006,2024-09-12,2024-11-12,Closed Lost,9355.83,0,61,0,1,0.0
OPP0337,R003,P005,C005,2023-08-12,2023-12-01,Closed Won,9244.78,100,111,1,1,9244.78
OPP0338,R004,P001,C001,2024-04-02,2024-06-22,Closed Lost,52696.6,0,81,0,1,0.0
OPP0339,R011,P005,C005,2024-07-14,2024-09-30,Closed Won,7219.59,100,78,1,1,7219.59
OPP0340,R017,P005,C004,2024-03-28,2024-04-25,Closed Lost,8168.72,0,28,0,1,0.0
OPP0341,R002,P004,C005,2023-02-26,2023-05-09,Closed Won,25246.99,100,72,1,1,25246.99
OPP0342,R001,P001,C006,2024-04-18,2024-07-27,Closed Lost,44486.19,0,100,0,1,0.0
OPP0343,R003,P004,C005,2023-08-12,2023-11-08,Closed Won,24264.63,100,88,1,1,24264.63
OPP0344,R014,P004,C002,2023-03-03,2023-03-25,Closed Lost,21527.68,0,22,0,1,0.0
OPP0345,R013,P004,C004,2023-05-19,2023-09-08,Closed Lost,24526.53,0,112,0,1,0.0
OPP0346,R012,P005,C001,2024-01-22,2024-03-24,Closed Won,7172.37,100,62,1,1,7172.37
OPP0347,R008,P002,C001,2023-07-02,2023-09-22,Closed Lost,13257.0,0,82,0,1,0.0
OPP0348,R013,P005,C002,2023-01-24,2023-03-17,Closed Lost,7987.56,0,52,0,1,0.0
OPP0349,R004,P003,C001,2023-09-11,2023-11-22,Closed Won,3297.49,100,72,1,1,3297.49
OPP0350,R004,P002,C005,2024-11-07,,Prospecting,11065.54,10,591,0,0,1106.55
OPP0351,R002,P001,C004,2024-04-02,2024-07-01,Closed Lost,42104.56,0,90,0,1,0.0
OPP0352,R010,P001,C002,2024-03-25,2024-05-07,Closed Lost,40457.14,0,43,0,1,0.0
OPP0353,R005,P003,C006,2024-08-12,2024-10-05,Closed Lost,3358.5,0,54,0,1,0.0
OPP0354,R019,P003,C006,2024-06-17,2024-07-29,Closed Lost,3136.81,0,42,0,1,0.0
OPP0355,R012,P005,C006,2023-06-29,2023-10-01,Closed Lost,8187.74,0,94,0,1,0.0
OPP0356,R010,P004,C004,2024-11-18,,Proposal,24822.27,25,580,0,0,6205.57
OPP0357,R005,P002,C004,2024-07-04,2024-09-16,Closed Won,11463.09,100,74,1,1,11463.09
OPP0358,R005,P004,C004,2023-03-01,2023-05-25,Closed Lost,26126.26,0,85,0,1,0.0
OPP0359,R012,P001,C001,2023-09-06,2023-10-22,Closed Won,52775.06,100,46,1,1,52775.06
OPP0360,R020,P001,C005,2024-07-02,2024-10-16,Closed Lost,42478.27,0,106,0,1,0.0
OPP0361,R018,P005,C002,2023-02-10,2023-03-05,Closed Won,8828.05,100,23,1,1,8828.05
OPP0362,R001,P003,C002,2024-05-05,2024-06-14,Closed Lost,3442.02,0,40,0,1,0.0
OPP0363,R020,P004,C006,2023-07-14,2023-10-30,Closed Won,29251.36,100,108,1,1,29251.36
OPP0364,R010,P005,C004,2023-07-29,2023-10-01,Closed Lost,7700.52,0,64,0,1,0.0
OPP0365,R017,P003,C004,2024-04-22,2024-07-13,Closed Lost,3389.57,0,82,0,1,0.0
OPP0366,R011,P004,C002,2024-04-22,2024-05-18,Closed Lost,27914.25,0,26,0,1,0.0
OPP0367,R005,P005,C001,2024-01-15,2024-03-09,Closed Lost,9219.44,0,54,0,1,0.0
OPP0368,R010,P005,C002,2023-09-25,2023-12-18,Closed Lost,8816.03,0,84,0,1,0.0
OPP0369,R016,P005,C005,2023-07-20,2023-09-14,Closed Won,9133.42,100,56,1,1,9133.42
OPP0370,R016,P003,C006,2024-11-01,,Proposal,4021.83,75,597,0,0,3016.37
OPP0371,R018,P003,C004,2024-04-16,2024-05-21,Closed Lost,3273.27,0,35,0,1,0.0
OPP0372,R003,P001,C006,2023-07-08,2023-09-29,Closed Lost,46502.12,0,83,0,1,0.0
OPP0373,R008,P002,C001,2023-02-19,2023-06-10,Closed Won,13738.69,100,111,1,1,13738.69
OPP0374,R020,P004,C006,2023-06-04,2023-06-19,Closed Won,24515.51,100,15,1,1,24515.51
OPP0375,R018,P004,C005,2024-11-13,,Negotiation,21387.65,75,585,0,0,16040.74
OPP0376,R010,P003,C001,2023-01-13,2023-01-29,Closed Lost,3735.03,0,16,0,1,0.0
OPP0377,R006,P004,C001,2024-05-29,2024-09-24,Closed Lost,28303.97,0,118,0,1,0.0
OPP0378,R009,P002,C003,2023-04-09,2023-06-29,Closed Won,12803.08,100,81,1,1,12803.08
OPP0379,R015,P003,C005,2023-10-01,2024-01-24,Closed Lost,4268.72,0,115,0,1,0.0
OPP0380,R002,P001,C001,2023-09-07,2023-12-19,Closed Won,48546.34,100,103,1,1,48546.34
OPP0381,R001,P004,C006,2024-02-20,2024-04-22,Closed Won,21741.01,100,62,1,1,21741.01
OPP0382,R011,P004,C005,2023-06-25,2023-07-19,Closed Lost,26892.94,0,24,0,1,0.0
OPP0383,R019,P002,C004,2023-04-08,2023-06-28,Closed Lost,11087.95,0,81,0,1,0.0
OPP0384,R019,P003,C006,2023-10-05,2023-10-24,Closed Lost,4193.13,0,19,0,1,0.0
OPP0385,R007,P003,C005,2023-02-03,2023-03-11,Closed Lost,3079.73,0,36,0,1,0.0
OPP0386,R010,P004,C002,2023-05-28,2023-09-15,Closed Lost,29377.66,0,110,0,1,0.0
OPP0387,R018,P004,C003,2024-07-31,2024-09-13,Closed Lost,27174.06,0,44,0,1,0.0
OPP0388,R012,P001,C001,2024-01-29,2024-05-18,Closed Lost,46137.49,0,110,0,1,0.0
OPP0389,R020,P001,C005,2023-04-11,2023-06-19,Closed Won,43614.34,100,69,1,1,43614.34
OPP0390,R015,P003,C004,2024-02-11,2024-06-03,Closed Won,4047.27,100,113,1,1,4047.27
OPP0391,R019,P004,C006,2023-08-22,2023-10-20,Closed Lost,25028.67,0,59,0,1,0.0
OPP0392,R003,P003,C001,2024-01-25,2024-02-18,Closed Lost,4065.55,0,24,0,1,0.0
OPP0393,R011,P002,C003,2023-10-02,2023-11-04,Closed Won,13306.55,100,33,1,1,13306.55
OPP0394,R009,P003,C001,2023-04-20,2023-05-15,Closed Won,3620.37,100,25,1,1,3620.37
OPP0395,R017,P004,C004,2023-05-16,2023-06-10,Closed Won,26123.62,100,25,1,1,26123.62
OPP0396,R020,P005,C003,2023-04-16,2023-05-03,Closed Won,7060.58,100,17,1,1,7060.58
OPP0397,R018,P004,C002,2024-01-30,2024-02-14,Closed Won,28067.73,100,15,1,1,28067.73
OPP0398,R009,P004,C003,2024-08-08,2024-10-27,Closed Won,22733.14,100,80,1,1,22733.14
OPP0399,R014,P002,C003,2023-10-02,2023-12-18,Closed Won,12025.64,100,77,1,1,12025.64
OPP0400,R016,P003,C005,2024-05-10,2024-09-01,Closed Won,4249.72,100,114,1,1,4249.72
OPP0401,R013,P002,C003,2024-09-23,2024-11-01,Closed Lost,11479.56,0,39,0,1,0.0
OPP0402,R014,P003,C006,2024-09-27,2024-11-28,Closed Lost,3614.68,0,62,0,1,0.0
OPP0403,R007,P005,C004,2024-08-31,2024-10-01,Closed Won,9452.38,100,31,1,1,9452.38
OPP0404,R016,P003,C005,2023-11-18,2023-12-24,Closed Lost,3427.22,0,36,0,1,0.0
OPP0405,R019,P004,C002,2023-09-06,2023-10-31,Closed Won,24443.89,100,55,1,1,24443.89
OPP0406,R015,P005,C006,2024-08-29,2024-11-20,Closed Won,6875.37,100,83,1,1,6875.37
OPP0407,R014,P001,C006,2023-08-03,2023-10-12,Closed Lost,51148.71,0,70,0,1,0.0
OPP0408,R005,P002,C006,2024-05-26,2024-06-26,Closed Lost,11261.26,0,31,0,1,0.0
OPP0409,R016,P004,C005,2024-03-09,2024-07-02,Closed Won,29918.63,100,115,1,1,29918.63
OPP0410,R012,P004,C006,2024-02-15,2024-05-07,Closed Lost,26006.9,0,82,0,1,0.0
OPP0411,R008,P001,C006,2024-07-03,2024-10-01,Closed Lost,39972.57,0,90,0,1,0.0
OPP0412,R013,P005,C003,2024-11-11,,Qualification,6924.03,75,587,0,0,5193.02
OPP0413,R017,P002,C005,2023-04-19,2023-05-04,Closed Won,12344.84,100,15,1,1,12344.84
OPP0414,R015,P004,C006,2024-08-17,2024-11-27,Closed Lost,24523.55,0,102,0,1,0.0
OPP0415,R016,P003,C001,2024-08-25,2024-12-05,Closed Lost,4317.11,0,102,0,1,0.0
OPP0416,R005,P001,C003,2023-10-30,2024-01-05,Closed Lost,40078.09,0,67,0,1,0.0
OPP0417,R012,P002,C004,2023-11-16,2024-01-12,Closed Lost,12388.68,0,57,0,1,0.0
OPP0418,R010,P004,C001,2023-04-10,2023-06-19,Closed Lost,24040.46,0,70,0,1,0.0
OPP0419,R006,P001,C006,2023-04-28,2023-05-14,Closed Lost,48914.94,0,16,0,1,0.0
OPP0420,R014,P002,C004,2023-09-07,2023-11-26,Closed Won,11590.16,100,80,1,1,11590.16
OPP0421,R014,P002,C004,2023-08-26,2023-12-20,Closed Lost,10982.83,0,116,0,1,0.0
OPP0422,R014,P002,C004,2023-01-30,2023-05-18,Closed Lost,12088.22,0,108,0,1,0.0
OPP0423,R003,P003,C005,2023-01-05,2023-04-19,Closed Won,4007.93,100,104,1,1,4007.93
OPP0424,R007,P002,C004,2023-04-15,2023-08-09,Closed Lost,11736.33,0,116,0,1,0.0
OPP0425,R011,P004,C005,2023-04-27,2023-06-13,Closed Lost,25867.51,0,47,0,1,0.0
OPP0426,R015,P001,C005,2024-02-02,2024-05-04,Closed Lost,43729.81,0,92,0,1,0.0
OPP0427,R019,P003,C001,2023-06-26,2023-10-22,Closed Lost,4217.54,0,118,0,1,0.0
OPP0428,R006,P002,C003,2024-11-19,2024-12-20,Closed Won,11482.6,100,31,1,1,11482.6
OPP0429,R013,P005,C004,2023-05-25,2023-08-12,Closed Lost,7186.03,0,79,0,1,0.0
OPP0430,R016,P002,C003,2023-07-10,2023-09-24,Closed Lost,12530.63,0,76,0,1,0.0
OPP0431,R012,P004,C001,2023-05-24,2023-06-30,Closed Won,26669.84,100,37,1,1,26669.84
OPP0432,R017,P004,C006,2024-05-11,2024-06-11,Closed Won,29683.5,100,31,1,1,29683.5
OPP0433,R015,P004,C004,2024-05-21,2024-07-26,Closed Lost,27463.75,0,66,0,1,0.0
OPP0434,R009,P002,C002,2023-06-21,2023-07-15,Closed Lost,11426.78,0,24,0,1,0.0
OPP0435,R016,P004,C005,2024-07-04,2024-08-23,Closed Won,26199.44,100,50,1,1,26199.44
OPP0436,R012,P003,C005,2024-06-07,2024-07-05,Closed Lost,4036.64,0,28,0,1,0.0
OPP0437,R014,P005,C001,2023-02-12,2023-06-03,Closed Lost,7411.92,0,111,0,1,0.0
OPP0438,R002,P003,C004,2024-10-31,,Qualification,4162.26,50,598,0,0,2081.13
OPP0439,R008,P001,C002,2023-12-23,2024-04-19,Closed Won,50466.2,100,118,1,1,50466.2
OPP0440,R006,P005,C005,2024-08-25,2024-12-05,Closed Won,8571.76,100,102,1,1,8571.76
OPP0441,R019,P002,C003,2023-05-23,2023-09-14,Closed Won,13582.85,100,114,1,1,13582.85
OPP0442,R010,P002,C003,2024-06-29,2024-08-17,Closed Lost,11559.35,0,49,0,1,0.0
OPP0443,R004,P005,C002,2024-08-09,2024-09-26,Closed Lost,9559.37,0,48,0,1,0.0
OPP0444,R005,P002,C002,2024-02-26,2024-03-18,Closed Lost,13145.99,0,21,0,1,0.0
OPP0445,R013,P002,C004,2023-05-30,2023-09-12,Closed Won,13398.19,100,105,1,1,13398.19
OPP0446,R003,P004,C006,2023-05-26,2023-08-21,Closed Lost,24532.76,0,87,0,1,0.0
OPP0447,R012,P003,C004,2023-04-06,2023-06-10,Closed Lost,3935.33,0,65,0,1,0.0
OPP0448,R015,P001,C006,2024-05-14,2024-07-08,Closed Lost,49762.18,0,55,0,1,0.0
OPP0449,R013,P001,C002,2024-11-11,,Proposal,50781.93,75,587,0,0,38086.45
OPP0450,R019,P003,C002,2023-08-05,2023-10-21,Closed Won,3485.57,100,77,1,1,3485.57
OPP0451,R015,P001,C001,2024-08-02,2024-10-17,Closed Lost,38973.6,0,76,0,1,0.0
OPP0452,R014,P001,C002,2023-05-08,2023-06-11,Closed Lost,53871.45,0,34,0,1,0.0
OPP0453,R012,P003,C003,2023-05-16,2023-08-21,Closed Won,3177.61,100,97,1,1,3177.61
OPP0454,R010,P002,C006,2023-03-26,2023-05-26,Closed Lost,10417.51,0,61,0,1,0.0
OPP0455,R016,P001,C001,2023-08-28,2023-11-04,Closed Lost,38267.11,0,68,0,1,0.0
OPP0456,R011,P004,C001,2023-05-16,2023-08-13,Closed Won,21331.26,100,89,1,1,21331.26
OPP0457,R003,P001,C006,2024-03-08,2024-06-18,Closed Won,41855.91,100,102,1,1,41855.91
OPP0458,R005,P003,C006,2023-04-15,2023-05-12,Closed Won,3232.78,100,27,1,1,3232.78
OPP0459,R006,P005,C004,2024-11-24,2024-12-26,Closed Won,6823.73,100,32,1,1,6823.73
OPP0460,R020,P002,C006,2023-12-26,2024-04-10,Closed Won,14063.56,100,106,1,1,14063.56
OPP0461,R004,P001,C005,2024-03-29,2024-05-09,Closed Won,40455.21,100,41,1,1,40455.21
OPP0462,R008,P003,C003,2024-01-29,2024-03-27,Closed Lost,4056.76,0,58,0,1,0.0
OPP0463,R020,P005,C003,2024-10-22,2024-11-15,Closed Won,8480.02,100,24,1,1,8480.02
OPP0464,R017,P002,C002,2023-01-28,2023-05-06,Closed Lost,12374.55,0,98,0,1,0.0
OPP0465,R004,P002,C002,2024-02-06,2024-03-28,Closed Lost,12278.53,0,51,0,1,0.0
OPP0466,R001,P005,C003,2024-05-26,2024-08-29,Closed Lost,9288.43,0,95,0,1,0.0
OPP0467,R018,P005,C006,2023-11-21,2023-12-21,Closed Lost,7978.42,0,30,0,1,0.0
OPP0468,R003,P001,C001,2023-06-26,2023-10-15,Closed Lost,38512.86,0,111,0,1,0.0
OPP0469,R013,P001,C005,2023-09-26,2023-11-06,Closed Won,53191.71,100,41,1,1,53191.71
OPP0470,R013,P004,C001,2023-10-21,2024-01-23,Closed Lost,24956.28,0,94,0,1,0.0
OPP0471,R003,P003,C005,2024-10-17,,Qualification,3165.33,25,612,0,0,791.33
OPP0472,R003,P005,C003,2023-06-09,2023-08-30,Closed Won,8576.02,100,82,1,1,8576.02
OPP0473,R003,P002,C004,2024-03-23,2024-07-08,Closed Lost,10443.2,0,107,0,1,0.0
OPP0474,R006,P001,C001,2023-04-29,2023-07-10,Closed Lost,43121.32,0,72,0,1,0.0
OPP0475,R012,P001,C005,2023-01-13,2023-04-27,Closed Won,40830.36,100,104,1,1,40830.36
OPP0476,R005,P003,C006,2024-06-13,2024-10-05,Closed Lost,3270.37,0,114,0,1,0.0
OPP0477,R014,P001,C003,2023-10-03,2024-01-18,Closed Lost,43526.42,0,107,0,1,0.0
OPP0478,R016,P005,C004,2024-06-20,2024-07-12,Closed Won,8557.09,100,22,1,1,8557.09
OPP0479,R006,P005,C003,2024-06-07,2024-08-06,Closed Won,7267.27,100,60,1,1,7267.27
OPP0480,R017,P001,C001,2023-04-16,2023-07-12,Closed Lost,41847.37,0,87,0,1,0.0
OPP0481,R005,P004,C002,2023-02-15,2023-03-02,Closed Won,24434.79,100,15,1,1,24434.79
OPP0482,R008,P004,C004,2023-02-06,2023-05-01,Closed Lost,23214.51,0,84,0,1,0.0
OPP0483,R017,P005,C006,2023-11-24,2024-01-11,Closed Lost,7843.86,0,48,0,1,0.0
OPP0484,R013,P005,C001,2023-02-23,2023-03-31,Closed Won,9547.96,100,36,1,1,9547.96
OPP0485,R018,P003,C004,2024-04-21,2024-06-10,Closed Lost,3472.4,0,50,0,1,0.0
OPP0486,R020,P005,C002,2023-01-09,2023-03-11,Closed Won,8996.62,100,61,1,1,8996.62
OPP0487,R007,P004,C006,2024-04-20,2024-06-20,Closed Lost,29980.64,0,61,0,1,0.0
OPP0488,R014,P002,C001,2024-07-13,2024-11-01,Closed Lost,10226.79,0,111,0,1,0.0
OPP0489,R001,P001,C006,2023-08-27,2023-11-18,Closed Won,53228.1,100,83,1,1,53228.1
OPP0490,R008,P001,C004,2024-01-21,2024-05-08,Closed Lost,41481.81,0,108,0,1,0.0
OPP0491,R003,P002,C001,2024-05-18,2024-06-08,Closed Lost,13188.94,0,21,0,1,0.0
OPP0492,R003,P003,C005,2023-08-26,2023-11-14,Closed Lost,3637.66,0,80,0,1,0.0
OPP0493,R019,P004,C001,2023-04-08,2023-06-25,Closed Won,21904.77,100,78,1,1,21904.77
OPP0494,R011,P002,C004,2024-03-21,2024-06-27,Closed Lost,11425.04,0,98,0,1,0.0
OPP0495,R007,P002,C002,2023-12-01,2024-01-24,Closed Lost,10513.69,0,54,0,1,0.0
OPP0496,R011,P002,C004,2024-08-21,2024-09-17,Closed Won,12088.18,100,27,1,1,12088.18
OPP0497,R015,P002,C003,2023-05-04,2023-07-25,Closed Won,12098.05,100,82,1,1,12098.05
OPP0498,R020,P003,C001,2023-05-03,2023-05-28,Closed Won,4101.25,100,25,1,1,4101.25
OPP0499,R008,P002,C003,2023-08-09,2023-12-07,Closed Lost,10583.09,0,120,0,1,0.0
OPP0500,R006,P003,C001,2024-02-10,2024-04-29,Closed Won,3387.81,100,79,1,1,3387.81
OPP0501,R015,P005,C001,2024-02-19,2024-04-30,Closed Lost,7499.59,0,71,0,1,0.0
OPP0502,R013,P002,C003,2023-05-24,2023-06-22,Closed Won,10749.0,100,29,1,1,10749.0
OPP0503,R003,P005,C001,2024-10-07,,Prospecting,8441.13,10,622,0,0,844.11
OPP0504,R011,P002,C001,2023-07-22,2023-10-26,Closed Lost,10586.31,0,96,0,1,0.0
OPP0505,R013,P005,C004,2023-02-13,2023-04-27,Closed Won,8012.84,100,73,1,1,8012.84
OPP0506,R006,P002,C003,2023-01-31,2023-04-03,Closed Lost,11686.56,0,62,0,1,0.0
OPP0507,R020,P001,C002,2023-10-14,2023-12-24,Closed Lost,47922.18,0,71,0,1,0.0
OPP0508,R003,P005,C003,2024-10-24,2024-12-14,Closed Lost,8141.29,0,51,0,1,0.0
OPP0509,R018,P005,C001,2024-01-28,2024-02-28,Closed Lost,7497.61,0,31,0,1,0.0
OPP0510,R016,P004,C003,2024-01-27,2024-05-20,Closed Lost,26014.53,0,114,0,1,0.0
OPP0511,R011,P003,C005,2024-08-02,2024-10-19,Closed Won,3286.57,100,78,1,1,3286.57
OPP0512,R016,P003,C005,2023-08-13,2023-08-30,Closed Lost,3133.82,0,17,0,1,0.0
OPP0513,R004,P002,C002,2024-01-02,2024-04-23,Closed Lost,14290.72,0,112,0,1,0.0
OPP0514,R008,P001,C005,2024-11-03,2024-12-17,Closed Won,50283.78,100,44,1,1,50283.78
OPP0515,R019,P002,C003,2024-02-02,2024-04-01,Closed Lost,10939.62,0,59,0,1,0.0
OPP0516,R019,P003,C002,2024-01-03,2024-04-01,Closed Won,4253.92,100,89,1,1,4253.92
OPP0517,R006,P004,C004,2024-07-30,2024-09-06,Closed Lost,25993.59,0,38,0,1,0.0
OPP0518,R017,P005,C004,2023-02-08,2023-03-05,Closed Won,7412.67,100,25,1,1,7412.67
OPP0519,R011,P002,C006,2023-01-01,2023-02-26,Closed Lost,13587.07,0,56,0,1,0.0
OPP0520,R005,P003,C005,2023-07-01,2023-10-25,Closed Lost,3135.04,0,116,0,1,0.0
OPP0521,R003,P005,C003,2023-05-26,2023-09-16,Closed Won,9209.87,100,113,1,1,9209.87
OPP0522,R005,P003,C002,2024-11-09,,Prospecting,3440.22,75,589,0,0,2580.16
OPP0523,R018,P002,C006,2024-10-16,2024-12-31,Closed Lost,13170.17,0,76,0,1,0.0
OPP0524,R006,P002,C004,2024-09-20,,Proposal,12995.23,50,639,0,0,6497.62
OPP0525,R019,P001,C004,2023-10-29,2023-11-28,Closed Won,53193.41,100,30,1,1,53193.41
OPP0526,R020,P003,C002,2024-08-04,2024-08-22,Closed Won,4220.51,100,18,1,1,4220.51
OPP0527,R003,P004,C002,2024-10-16,,Prospecting,22480.63,50,613,0,0,11240.32
OPP0528,R011,P001,C004,2023-11-24,2023-12-29,Closed Lost,51191.17,0,35,0,1,0.0
OPP0529,R004,P001,C006,2023-01-12,2023-02-28,Closed Won,43770.08,100,47,1,1,43770.08
OPP0530,R014,P004,C004,2023-01-02,2023-01-22,Closed Lost,29729.64,0,20,0,1,0.0
OPP0531,R019,P001,C006,2024-01-23,2024-03-21,Closed Lost,51303.71,0,58,0,1,0.0
OPP0532,R011,P001,C003,2023-08-19,2023-09-22,Closed Lost,42894.81,0,34,0,1,0.0
OPP0533,R003,P004,C005,2023-04-18,2023-05-11,Closed Won,22657.91,100,23,1,1,22657.91
OPP0534,R001,P005,C004,2023-04-06,2023-06-02,Closed Lost,9301.03,0,57,0,1,0.0
OPP0535,R004,P004,C003,2024-10-31,2024-12-05,Closed Lost,22624.66,0,35,0,1,0.0
OPP0536,R018,P005,C003,2023-07-30,2023-09-06,Closed Lost,8821.71,0,38,0,1,0.0
OPP0537,R019,P001,C005,2024-11-07,2024-12-27,Closed Won,39031.76,100,50,1,1,39031.76
OPP0538,R010,P001,C006,2024-05-17,2024-06-19,Closed Won,44984.79,100,33,1,1,44984.79
OPP0539,R006,P001,C006,2024-10-02,2024-12-31,Closed Lost,38655.34,0,90,0,1,0.0
OPP0540,R013,P001,C004,2023-10-26,2023-11-19,Closed Lost,43106.57,0,24,0,1,0.0
OPP0541,R012,P005,C004,2024-05-15,2024-08-21,Closed Won,7885.08,100,98,1,1,7885.08
OPP0542,R009,P003,C002,2024-01-14,2024-02-20,Closed Lost,3614.07,0,37,0,1,0.0
OPP0543,R012,P001,C005,2023-10-03,2023-12-28,Closed Won,39599.89,100,86,1,1,39599.89
OPP0544,R013,P005,C005,2024-02-28,2024-06-17,Closed Lost,6970.75,0,110,0,1,0.0
OPP0545,R008,P004,C004,2024-03-04,2024-05-25,Closed Lost,26261.25,0,82,0,1,0.0
OPP0546,R017,P001,C005,2023-11-03,2023-11-27,Closed Lost,46158.1,0,24,0,1,0.0
OPP0547,R015,P001,C002,2024-11-24,,Qualification,53200.76,25,574,0,0,13300.19
OPP0548,R014,P001,C002,2023-08-05,2023-11-30,Closed Won,44918.15,100,117,1,1,44918.15
OPP0549,R003,P003,C001,2024-10-04,2024-11-05,Closed Lost,3462.88,0,32,0,1,0.0
OPP0550,R017,P003,C004,2024-02-02,2024-04-27,Closed Lost,4139.35,0,85,0,1,0.0
OPP0551,R014,P005,C001,2023-01-13,2023-05-07,Closed Lost,8263.17,0,114,0,1,0.0
OPP0552,R004,P005,C001,2024-02-29,2024-04-02,Closed Won,8431.5,100,33,1,1,8431.5
OPP0553,R012,P003,C004,2024-07-30,2024-11-20,Closed Won,4153.02,100,113,1,1,4153.02
OPP0554,R002,P005,C002,2023-09-28,2023-11-30,Closed Lost,8505.09,0,63,0,1,0.0
OPP0555,R013,P005,C001,2023-10-10,2023-12-14,Closed Won,8706.28,100,65,1,1,8706.28
OPP0556,R009,P001,C003,2024-02-10,2024-04-06,Closed Lost,49995.56,0,56,0,1,0.0
OPP0557,R016,P003,C006,2023-01-21,2023-03-19,Closed Lost,3451.8,0,57,0,1,0.0
OPP0558,R011,P004,C003,2023-04-11,2023-05-24,Closed Won,28022.77,100,43,1,1,28022.77
OPP0559,R014,P002,C006,2024-03-02,2024-06-01,Closed Lost,12055.21,0,91,0,1,0.0
OPP0560,R017,P003,C002,2024-05-11,2024-08-30,Closed Lost,4094.48,0,111,0,1,0.0
OPP0561,R017,P004,C005,2023-03-09,2023-05-01,Closed Lost,22436.94,0,53,0,1,0.0
OPP0562,R008,P002,C001,2023-01-30,2023-03-07,Closed Won,13715.3,100,36,1,1,13715.3
OPP0563,R015,P002,C005,2024-04-12,2024-05-02,Closed Lost,11350.71,0,20,0,1,0.0
OPP0564,R016,P001,C005,2024-02-11,2024-05-16,Closed Lost,42060.52,0,95,0,1,0.0
OPP0565,R012,P004,C003,2024-04-01,2024-05-07,Closed Lost,26385.2,0,36,0,1,0.0
OPP0566,R013,P001,C001,2023-06-17,2023-08-03,Closed Lost,42739.84,0,47,0,1,0.0
OPP0567,R008,P002,C006,2023-06-16,2023-09-11,Closed Lost,13799.87,0,87,0,1,0.0
OPP0568,R001,P005,C004,2023-07-31,2023-09-17,Closed Lost,6856.15,0,48,0,1,0.0
OPP0569,R020,P001,C003,2023-05-16,2023-08-20,Closed Won,41774.38,100,96,1,1,41774.38
OPP0570,R015,P004,C003,2024-10-20,2024-12-08,Closed Lost,28701.38,0,49,0,1,0.0
OPP0571,R013,P005,C005,2023-08-12,2023-10-24,Closed Won,9108.07,100,73,1,1,9108.07
OPP0572,R020,P003,C005,2023-04-15,2023-04-29,Closed Lost,3767.44,0,14,0,1,0.0
OPP0573,R009,P004,C006,2023-10-17,2023-12-08,Closed Lost,21808.57,0,52,0,1,0.0
OPP0574,R017,P003,C002,2023-11-29,2024-01-17,Closed Won,3297.33,100,49,1,1,3297.33
OPP0575,R011,P005,C006,2023-02-28,2023-06-25,Closed Lost,7931.48,0,117,0,1,0.0
OPP0576,R009,P004,C004,2023-05-24,2023-09-07,Closed Won,29977.85,100,106,1,1,29977.85
OPP0577,R019,P005,C002,2024-02-19,2024-04-22,Closed Lost,8782.59,0,63,0,1,0.0
OPP0578,R016,P005,C006,2023-12-18,2024-04-02,Closed Lost,8587.28,0,106,0,1,0.0
OPP0579,R018,P002,C002,2024-01-03,2024-03-21,Closed Won,13730.68,100,78,1,1,13730.68
OPP0580,R018,P003,C002,2023-10-28,2023-11-23,Closed Lost,3973.74,0,26,0,1,0.0
OPP0581,R010,P002,C004,2024-11-27,,Prospecting,11692.19,50,571,0,0,5846.1
OPP0582,R016,P004,C001,2024-01-16,2024-03-03,Closed Lost,28698.12,0,47,0,1,0.0
OPP0583,R017,P004,C001,2024-10-11,,Prospecting,29032.48,75,618,0,0,21774.36
OPP0584,R007,P002,C003,2024-06-26,2024-08-17,Closed Lost,10776.93,0,52,0,1,0.0
OPP0585,R006,P004,C001,2024-02-24,2024-05-20,Closed Lost,22503.21,0,86,0,1,0.0
OPP0586,R002,P002,C001,2024-05-14,2024-07-09,Closed Lost,11516.34,0,56,0,1,0.0
OPP0587,R006,P002,C004,2024-04-07,2024-05-26,Closed Won,12620.37,100,49,1,1,12620.37
OPP0588,R016,P004,C004,2023-04-01,2023-05-01,Closed Lost,24779.69,0,30,0,1,0.0
OPP0589,R011,P003,C005,2023-01-05,2023-01-23,Closed Lost,4257.09,0,18,0,1,0.0
OPP0590,R012,P002,C003,2023-07-15,2023-07-31,Closed Lost,11150.32,0,16,0,1,0.0
OPP0591,R003,P005,C001,2023-05-13,2023-06-09,Closed Lost,7657.12,0,27,0,1,0.0
OPP0592,R011,P005,C004,2023-11-02,2023-12-23,Closed Lost,8469.84,0,51,0,1,0.0
OPP0593,R007,P004,C002,2023-05-18,2023-07-14,Closed Lost,24393.45,0,57,0,1,0.0
OPP0594,R001,P002,C005,2024-02-18,2024-03-05,Closed Won,11087.0,100,16,1,1,11087.0
OPP0595,R009,P001,C005,2024-05-31,2024-07-05,Closed Won,44159.28,100,35,1,1,44159.28
OPP0596,R001,P001,C001,2024-09-30,2024-10-20,Closed Lost,48676.03,0,20,0,1,0.0
OPP0597,R016,P001,C006,2023-04-29,2023-07-05,Closed Lost,46869.7,0,67,0,1,0.0
OPP0598,R004,P001,C006,2023-06-06,2023-07-16,Closed Lost,42992.58,0,40,0,1,0.0
OPP0599,R004,P002,C005,2024-06-16,2024-08-03,Closed Lost,11959.07,0,48,0,1,0.0
OPP0600,R020,P001,C002,2024-09-24,2024-10-23,Closed Won,46089.39,100,29,1,1,46089.39
OPP0601,R014,P002,C003,2023-09-27,2024-01-25,Closed Lost,11703.27,0,120,0,1,0.0
OPP0602,R016,P002,C003,2023-06-14,2023-07-03,Closed Lost,13090.46,0,19,0,1,0.0
OPP0603,R019,P001,C006,2023-08-29,2023-09-12,Closed Won,52533.36,100,14,1,1,52533.36
OPP0604,R004,P005,C003,2024-05-20,2024-06-22,Closed Lost,7010.13,0,33,0,1,0.0
OPP0605,R002,P003,C001,2024-10-21,2024-12-03,Closed Lost,3392.8,0,43,0,1,0.0
OPP0606,R011,P003,C004,2023-06-28,2023-07-17,Closed Lost,4070.01,0,19,0,1,0.0
OPP0607,R005,P001,C006,2023-04-29,2023-05-25,Closed Lost,38402.34,0,26,0,1,0.0
OPP0608,R009,P004,C006,2024-10-24,2024-11-28,Closed Won,29607.03,100,35,1,1,29607.03
OPP0609,R013,P002,C004,2023-04-06,2023-06-06,Closed Lost,10678.09,0,61,0,1,0.0
OPP0610,R006,P004,C001,2023-10-06,2024-02-03,Closed Lost,28249.12,0,120,0,1,0.0
OPP0611,R019,P002,C004,2023-05-16,2023-08-27,Closed Lost,10635.6,0,103,0,1,0.0
OPP0612,R012,P005,C005,2024-08-05,2024-11-13,Closed Lost,7863.3,0,100,0,1,0.0
OPP0613,R016,P002,C001,2023-01-30,2023-05-11,Closed Lost,12228.93,0,101,0,1,0.0
OPP0614,R001,P003,C006,2024-02-26,2024-05-06,Closed Won,3885.27,100,70,1,1,3885.27
OPP0615,R020,P003,C001,2024-11-25,,Qualification,3714.07,75,573,0,0,2785.55
OPP0616,R013,P004,C002,2024-11-08,,Qualification,24275.31,90,590,0,0,21847.78
OPP0617,R016,P002,C004,2024-09-19,2024-10-09,Closed Won,12323.38,100,20,1,1,12323.38
OPP0618,R009,P003,C001,2023-06-19,2023-07-12,Closed Lost,3363.52,0,23,0,1,0.0
OPP0619,R008,P004,C001,2024-06-03,2024-07-15,Closed Lost,24778.67,0,42,0,1,0.0
OPP0620,R016,P004,C004,2024-04-15,2024-06-24,Closed Lost,22020.17,0,70,0,1,0.0
OPP0621,R014,P001,C001,2023-11-20,2023-12-19,Closed Lost,39866.63,0,29,0,1,0.0
OPP0622,R020,P001,C006,2024-07-24,2024-10-16,Closed Won,50720.59,100,84,1,1,50720.59
OPP0623,R012,P004,C001,2023-11-08,2024-01-26,Closed Lost,29565.61,0,79,0,1,0.0
OPP0624,R012,P005,C006,2023-08-17,2023-10-28,Closed Won,8479.86,100,72,1,1,8479.86
OPP0625,R012,P002,C006,2024-04-08,2024-05-06,Closed Won,10209.23,100,28,1,1,10209.23
OPP0626,R006,P001,C004,2023-10-26,2024-01-18,Closed Lost,38971.01,0,84,0,1,0.0
OPP0627,R020,P004,C002,2023-05-24,2023-09-20,Closed Lost,22185.91,0,119,0,1,0.0
OPP0628,R007,P004,C006,2023-07-12,2023-08-10,Closed Lost,23136.41,0,29,0,1,0.0
OPP0629,R019,P001,C001,2023-12-13,2024-01-09,Closed Lost,52844.37,0,27,0,1,0.0
OPP0630,R016,P005,C001,2024-04-06,2024-06-17,Closed Lost,7176.98,0,72,0,1,0.0
OPP0631,R016,P004,C005,2024-06-27,2024-10-13,Closed Won,28589.64,100,108,1,1,28589.64
OPP0632,R020,P002,C005,2023-07-01,2023-10-11,Closed Lost,10634.93,0,102,0,1,0.0
OPP0633,R008,P004,C003,2023-11-26,2024-02-12,Closed Lost,29820.63,0,78,0,1,0.0
OPP0634,R005,P004,C004,2024-02-12,2024-04-09,Closed Lost,28291.97,0,57,0,1,0.0
OPP0635,R018,P005,C003,2024-09-08,2024-12-20,Closed Lost,7636.96,0,103,0,1,0.0
OPP0636,R010,P002,C006,2024-07-20,2024-10-22,Closed Won,12821.5,100,94,1,1,12821.5
OPP0637,R011,P002,C006,2023-12-20,2024-03-29,Closed Won,12316.35,100,100,1,1,12316.35
OPP0638,R014,P004,C006,2023-04-29,2023-08-18,Closed Won,26349.55,100,111,1,1,26349.55
OPP0639,R017,P004,C001,2024-06-30,2024-08-19,Closed Lost,28322.67,0,50,0,1,0.0
OPP0640,R006,P001,C003,2023-01-26,2023-03-29,Closed Won,41398.46,100,62,1,1,41398.46
OPP0641,R010,P001,C002,2024-11-30,,Qualification,49126.87,90,568,0,0,44214.18
OPP0642,R018,P001,C002,2023-02-03,2023-04-03,Closed Lost,47953.71,0,59,0,1,0.0
OPP0643,R010,P002,C006,2024-10-24,,Negotiation,12345.87,10,605,0,0,1234.59
OPP0644,R002,P003,C001,2024-01-26,2024-03-29,Closed Lost,4276.95,0,63,0,1,0.0
OPP0645,R012,P004,C005,2023-09-15,2023-10-24,Closed Lost,28512.36,0,39,0,1,0.0
OPP0646,R006,P002,C006,2024-07-13,2024-10-29,Closed Lost,11435.55,0,108,0,1,0.0
OPP0647,R002,P005,C004,2023-03-18,2023-04-24,Closed Lost,7134.19,0,37,0,1,0.0
OPP0648,R009,P002,C001,2023-10-13,2024-01-06,Closed Won,12652.74,100,85,1,1,12652.74
OPP0649,R011,P002,C005,2023-12-05,2024-02-16,Closed Lost,10367.75,0,73,0,1,0.0
OPP0650,R010,P005,C004,2023-02-22,2023-06-15,Closed Lost,9160.79,0,113,0,1,0.0
OPP0651,R006,P003,C005,2024-08-09,2024-11-01,Closed Won,3722.0,100,84,1,1,3722.0
OPP0652,R013,P004,C001,2023-03-11,2023-07-03,Closed Lost,26001.95,0,114,0,1,0.0
OPP0653,R010,P003,C002,2023-12-24,2024-02-04,Closed Lost,3477.14,0,42,0,1,0.0
OPP0654,R001,P005,C001,2024-09-25,2024-12-15,Closed Lost,9106.33,0,81,0,1,0.0
OPP0655,R020,P002,C005,2024-11-15,,Negotiation,13998.89,25,583,0,0,3499.72
OPP0656,R004,P004,C004,2023-02-10,2023-05-22,Closed Lost,29264.41,0,101,0,1,0.0
OPP0657,R012,P001,C005,2023-09-20,2023-12-12,Closed Lost,52603.54,0,83,0,1,0.0
OPP0658,R007,P003,C003,2024-06-04,2024-08-14,Closed Lost,4191.83,0,71,0,1,0.0
OPP0659,R018,P002,C005,2024-06-10,2024-07-04,Closed Lost,14280.84,0,24,0,1,0.0
OPP0660,R014,P002,C001,2023-01-08,2023-04-12,Closed Won,13832.79,100,94,1,1,13832.79
OPP0661,R003,P004,C006,2023-07-30,2023-10-20,Closed Lost,26907.41,0,82,0,1,0.0
OPP0662,R003,P003,C001,2023-06-07,2023-06-24,Closed Lost,3107.74,0,17,0,1,0.0
OPP0663,R008,P001,C003,2023-07-02,2023-10-25,Closed Won,47305.66,100,115,1,1,47305.66
OPP0664,R001,P004,C004,2024-02-22,2024-04-25,Closed Lost,25038.97,0,63,0,1,0.0
OPP0665,R019,P005,C001,2024-11-20,2024-12-19,Closed Lost,6977.07,0,29,0,1,0.0
OPP0666,R010,P001,C005,2023-03-16,2023-05-14,Closed Lost,42814.93,0,59,0,1,0.0
OPP0667,R001,P004,C004,2023-03-30,2023-05-19,Closed Lost,24587.37,0,50,0,1,0.0
OPP0668,R018,P004,C003,2023-06-10,2023-08-31,Closed Won,28221.74,100,82,1,1,28221.74
OPP0669,R001,P003,C005,2024-10-11,2024-11-12,Closed Won,4266.31,100,32,1,1,4266.31
OPP0670,R013,P001,C005,2024-07-22,2024-08-23,Closed Won,47270.32,100,32,1,1,47270.32
OPP0671,R017,P003,C002,2024-07-14,2024-08-07,Closed Won,3326.79,100,24,1,1,3326.79
OPP0672,R006,P003,C006,2023-06-14,2023-07-21,Closed Won,3304.85,100,37,1,1,3304.85
OPP0673,R018,P005,C001,2024-08-03,2024-08-23,Closed Lost,8091.54,0,20,0,1,0.0
OPP0674,R019,P001,C004,2023-10-25,2024-02-01,Closed Won,41359.33,100,99,1,1,41359.33
OPP0675,R020,P002,C001,2023-12-05,2024-02-02,Closed Won,10620.19,100,59,1,1,10620.19
OPP0676,R010,P003,C006,2023-07-18,2023-09-10,Closed Lost,3836.59,0,54,0,1,0.0
OPP0677,R014,P003,C002,2024-08-21,2024-09-23,Closed Lost,4077.7,0,33,0,1,0.0
OPP0678,R014,P002,C003,2023-01-05,2023-02-28,Closed Won,13191.24,100,54,1,1,13191.24
OPP0679,R015,P003,C004,2024-01-04,2024-02-04,Closed Lost,4166.14,0,31,0,1,0.0
OPP0680,R020,P005,C001,2024-01-03,2024-04-25,Closed Won,7104.73,100,113,1,1,7104.73
OPP0681,R003,P005,C006,2023-10-15,2024-02-11,Closed Won,7350.01,100,119,1,1,7350.01
OPP0682,R019,P001,C004,2023-03-19,2023-04-04,Closed Lost,51049.12,0,16,0,1,0.0
OPP0683,R018,P005,C004,2024-08-27,2024-10-07,Closed Lost,7529.73,0,41,0,1,0.0
OPP0684,R019,P003,C006,2024-10-31,,Qualification,3554.55,50,598,0,0,1777.28
OPP0685,R017,P001,C001,2023-05-18,2023-07-30,Closed Lost,44499.37,0,73,0,1,0.0
OPP0686,R017,P005,C002,2024-11-09,2024-12-23,Closed Lost,8715.65,0,44,0,1,0.0
OPP0687,R005,P005,C006,2024-04-01,2024-05-05,Closed Won,8646.36,100,34,1,1,8646.36
OPP0688,R009,P004,C003,2024-05-10,2024-07-08,Closed Won,23277.81,100,59,1,1,23277.81
OPP0689,R012,P005,C004,2023-08-28,2023-09-16,Closed Lost,9341.63,0,19,0,1,0.0
OPP0690,R011,P001,C001,2024-04-25,2024-07-06,Closed Lost,53694.29,0,72,0,1,0.0
OPP0691,R019,P003,C002,2024-06-17,2024-09-20,Closed Lost,3789.08,0,95,0,1,0.0
OPP0692,R003,P005,C005,2024-01-21,2024-04-27,Closed Won,8629.34,100,97,1,1,8629.34
OPP0693,R012,P002,C003,2023-09-15,2023-11-16,Closed Lost,12368.76,0,62,0,1,0.0
OPP0694,R005,P005,C004,2024-05-13,2024-09-05,Closed Lost,6818.47,0,115,0,1,0.0
OPP0695,R006,P003,C002,2023-06-19,2023-08-01,Closed Won,3326.51,100,43,1,1,3326.51
OPP0696,R014,P001,C003,2024-01-06,2024-04-06,Closed Lost,48662.48,0,91,0,1,0.0
OPP0697,R006,P004,C006,2023-04-27,2023-07-11,Closed Lost,23093.66,0,75,0,1,0.0
OPP0698,R006,P002,C002,2024-02-25,2024-03-12,Closed Won,12608.64,100,16,1,1,12608.64
OPP0699,R006,P005,C003,2024-10-06,2024-12-24,Closed Won,7211.22,100,79,1,1,7211.22
OPP0700,R001,P005,C006,2023-07-04,2023-09-22,Closed Lost,9513.88,0,80,0,1,0.0
OPP0701,R020,P001,C004,2024-11-08,,Proposal,41661.35,75,590,0,0,31246.01
OPP0702,R019,P005,C002,2023-06-24,2023-08-05,Closed Lost,7199.59,0,42,0,1,0.0
OPP0703,R011,P002,C004,2024-09-30,,Proposal,13241.58,90,629,0,0,11917.42
OPP0704,R001,P004,C002,2024-08-27,2024-09-18,Closed Won,22406.87,100,22,1,1,22406.87
OPP0705,R006,P002,C004,2024-06-19,2024-09-05,Closed Lost,12743.15,0,78,0,1,0.0
OPP0706,R004,P005,C001,2024-09-21,2024-12-20,Closed Won,8209.32,100,90,1,1,8209.32
OPP0707,R001,P005,C006,2024-05-08,2024-08-14,Closed Won,8310.0,100,98,1,1,8310.0
OPP0708,R017,P003,C004,2024-10-26,,Negotiation,4162.28,25,603,0,0,1040.57
OPP0709,R019,P003,C001,2024-05-08,2024-08-31,Closed Lost,3802.2,0,115,0,1,0.0
OPP0710,R003,P002,C003,2024-03-11,2024-04-11,Closed Won,14022.36,100,31,1,1,14022.36
OPP0711,R001,P002,C005,2024-09-04,2024-11-26,Closed Lost,10222.97,0,83,0,1,0.0
OPP0712,R011,P004,C004,2024-06-19,2024-07-18,Closed Lost,26977.28,0,29,0,1,0.0
OPP0713,R018,P005,C004,2024-01-06,2024-02-02,Closed Won,7510.17,100,27,1,1,7510.17
OPP0714,R014,P004,C005,2024-08-01,2024-09-30,Closed Lost,27856.0,0,60,0,1,0.0
OPP0715,R009,P005,C003,2024-07-24,2024-10-07,Closed Won,8353.75,100,75,1,1,8353.75
OPP0716,R004,P004,C006,2024-08-14,2024-10-11,Closed Lost,27688.1,0,58,0,1,0.0
OPP0717,R017,P002,C004,2023-08-24,2023-11-03,Closed Lost,10621.17,0,71,0,1,0.0
OPP0718,R001,P001,C001,2023-12-13,2024-04-07,Closed Lost,40781.62,0,116,0,1,0.0
OPP0719,R009,P004,C002,2023-05-29,2023-08-11,Closed Lost,22021.23,0,74,0,1,0.0
OPP0720,R013,P004,C005,2024-01-15,2024-02-08,Closed Lost,29393.49,0,24,0,1,0.0
OPP0721,R006,P005,C006,2024-11-02,,Proposal,6960.9,75,596,0,0,5220.68
OPP0722,R002,P005,C005,2024-03-25,2024-04-09,Closed Won,7600.82,100,15,1,1,7600.82
OPP0723,R002,P005,C003,2024-06-06,2024-08-25,Closed Lost,7274.55,0,80,0,1,0.0
OPP0724,R009,P002,C004,2023-09-02,2023-12-08,Closed Won,10564.74,100,97,1,1,10564.74
OPP0725,R001,P005,C006,2023-12-28,2024-04-05,Closed Lost,7360.87,0,99,0,1,0.0
OPP0726,R012,P005,C003,2023-03-12,2023-04-06,Closed Lost,9362.03,0,25,0,1,0.0
OPP0727,R013,P002,C005,2023-10-11,2023-11-22,Closed Lost,12109.99,0,42,0,1,0.0
OPP0728,R003,P005,C005,2023-01-05,2023-02-21,Closed Won,7098.1,100,47,1,1,7098.1
OPP0729,R018,P005,C005,2023-10-29,2023-12-25,Closed Lost,9478.79,0,57,0,1,0.0
OPP0730,R008,P004,C003,2023-09-14,2023-12-25,Closed Lost,26177.73,0,102,0,1,0.0
OPP0731,R016,P005,C001,2024-04-14,2024-07-24,Closed Lost,9213.67,0,101,0,1,0.0
OPP0732,R008,P002,C003,2023-09-22,2023-10-14,Closed Lost,13043.03,0,22,0,1,0.0
OPP0733,R009,P001,C002,2024-02-27,2024-04-26,Closed Lost,49287.89,0,59,0,1,0.0
OPP0734,R006,P003,C004,2023-10-22,2023-11-16,Closed Lost,3155.8,0,25,0,1,0.0
OPP0735,R007,P005,C004,2023-11-18,2024-01-16,Closed Won,7553.41,100,59,1,1,7553.41
OPP0736,R007,P003,C002,2023-07-24,2023-09-06,Closed Lost,3320.54,0,44,0,1,0.0
OPP0737,R003,P001,C006,2024-09-25,2024-11-23,Closed Won,40138.09,100,59,1,1,40138.09
OPP0738,R016,P005,C003,2024-11-10,,Prospecting,9482.38,90,588,0,0,8534.14
OPP0739,R016,P005,C002,2023-11-19,2024-02-04,Closed Lost,9232.55,0,77,0,1,0.0
OPP0740,R017,P005,C004,2024-06-07,2024-07-26,Closed Lost,7159.09,0,49,0,1,0.0
OPP0741,R006,P003,C004,2024-05-04,2024-07-26,Closed Won,3556.08,100,83,1,1,3556.08
OPP0742,R001,P003,C006,2023-05-04,2023-08-15,Closed Lost,3928.41,0,103,0,1,0.0
OPP0743,R009,P003,C002,2023-08-04,2023-10-05,Closed Lost,3515.62,0,62,0,1,0.0
OPP0744,R011,P004,C003,2024-07-15,2024-08-31,Closed Won,29637.11,100,47,1,1,29637.11
OPP0745,R012,P004,C003,2023-07-08,2023-09-23,Closed Lost,27381.24,0,77,0,1,0.0
OPP0746,R019,P005,C006,2024-02-15,2024-04-04,Closed Lost,7167.19,0,49,0,1,0.0
OPP0747,R018,P003,C004,2023-08-23,2023-12-19,Closed Won,4073.15,100,118,1,1,4073.15
OPP0748,R001,P002,C002,2024-01-26,2024-03-05,Closed Won,12186.55,100,39,1,1,12186.55
OPP0749,R011,P005,C004,2024-03-07,2024-05-23,Closed Won,8295.15,100,77,1,1,8295.15
OPP0750,R004,P005,C006,2023-11-04,2023-12-20,Closed Lost,6933.59,0,46,0,1,0.0
OPP0751,R004,P003,C004,2023-06-17,2023-07-08,Closed Won,3660.44,100,21,1,1,3660.44
OPP0752,R009,P005,C003,2023-12-09,2024-01-25,Closed Won,8360.98,100,47,1,1,8360.98
OPP0753,R019,P005,C006,2023-01-21,2023-03-28,Closed Won,7357.08,100,66,1,1,7357.08
OPP0754,R017,P003,C004,2024-10-26,,Qualification,3507.44,75,603,0,0,2630.58
OPP0755,R005,P004,C002,2023-03-22,2023-05-23,Closed Lost,26777.48,0,62,0,1,0.0
OPP0756,R019,P004,C004,2024-10-17,,Proposal,26773.64,10,612,0,0,2677.36
OPP0757,R010,P003,C006,2023-03-23,2023-04-26,Closed Won,3459.27,100,34,1,1,3459.27
OPP0758,R012,P003,C006,2023-10-01,2023-12-31,Closed Lost,4178.49,0,91,0,1,0.0
OPP0759,R001,P004,C002,2024-08-24,2024-11-12,Closed Lost,22714.03,0,80,0,1,0.0
OPP0760,R013,P001,C001,2023-08-29,2023-12-05,Closed Won,41566.5,100,98,1,1,41566.5
OPP0761,R001,P004,C004,2023-04-08,2023-04-30,Closed Lost,26048.8,0,22,0,1,0.0
OPP0762,R005,P001,C001,2024-06-20,2024-10-09,Closed Lost,42383.62,0,111,0,1,0.0
OPP0763,R010,P002,C004,2024-11-01,,Proposal,11239.07,25,597,0,0,2809.77
OPP0764,R012,P001,C003,2023-05-15,2023-08-04,Closed Lost,38803.69,0,81,0,1,0.0
OPP0765,R018,P005,C004,2024-05-02,2024-07-14,Closed Lost,9417.6,0,73,0,1,0.0
OPP0766,R019,P005,C004,2023-05-19,2023-08-30,Closed Lost,8473.24,0,103,0,1,0.0
OPP0767,R016,P003,C005,2024-06-20,2024-09-23,Closed Lost,4205.24,0,95,0,1,0.0
OPP0768,R009,P003,C002,2023-08-21,2023-12-16,Closed Won,3520.89,100,117,1,1,3520.89
OPP0769,R016,P002,C005,2023-11-07,2023-11-22,Closed Won,11644.32,100,15,1,1,11644.32
OPP0770,R014,P004,C003,2023-01-09,2023-04-21,Closed Lost,23871.59,0,102,0,1,0.0
OPP0771,R014,P005,C005,2024-09-03,2024-10-16,Closed Lost,7846.2,0,43,0,1,0.0
OPP0772,R008,P004,C003,2024-03-23,2024-05-26,Closed Won,28498.73,100,64,1,1,28498.73
OPP0773,R020,P005,C006,2023-03-23,2023-05-30,Closed Lost,8940.71,0,68,0,1,0.0
OPP0774,R014,P005,C002,2023-10-06,2023-11-25,Closed Lost,9064.66,0,50,0,1,0.0
OPP0775,R020,P001,C004,2023-03-12,2023-04-18,Closed Won,48281.06,100,37,1,1,48281.06
OPP0776,R005,P002,C001,2023-10-06,2024-01-17,Closed Lost,11546.7,0,103,0,1,0.0
OPP0777,R005,P001,C006,2024-07-01,2024-07-17,Closed Won,42693.3,100,16,1,1,42693.3
OPP0778,R016,P001,C002,2024-03-24,2024-07-09,Closed Won,40623.27,100,107,1,1,40623.27
OPP0779,R015,P004,C006,2023-12-17,2024-02-22,Closed Won,29982.18,100,67,1,1,29982.18
OPP0780,R013,P002,C001,2023-02-02,2023-03-30,Closed Won,10435.36,100,56,1,1,10435.36
OPP0781,R001,P003,C001,2024-07-10,2024-09-22,Closed Won,4089.74,100,74,1,1,4089.74
OPP0782,R002,P004,C002,2023-09-12,2023-11-14,Closed Lost,23412.67,0,63,0,1,0.0
OPP0783,R007,P005,C004,2024-04-16,2024-08-02,Closed Lost,8664.82,0,108,0,1,0.0
OPP0784,R002,P003,C006,2024-02-03,2024-05-14,Closed Lost,3259.85,0,101,0,1,0.0
OPP0785,R007,P004,C003,2024-07-16,2024-10-04,Closed Won,26837.05,100,80,1,1,26837.05
OPP0786,R014,P001,C003,2023-02-23,2023-06-02,Closed Won,41966.46,100,99,1,1,41966.46
OPP0787,R008,P005,C001,2023-01-16,2023-02-20,Closed Lost,7135.02,0,35,0,1,0.0
OPP0788,R005,P004,C003,2023-02-13,2023-05-12,Closed Lost,27273.56,0,88,0,1,0.0
OPP0789,R011,P001,C006,2023-04-02,2023-05-17,Closed Won,49053.63,100,45,1,1,49053.63
OPP0790,R004,P002,C002,2023-03-03,2023-03-24,Closed Won,13145.58,100,21,1,1,13145.58
OPP0791,R012,P005,C004,2024-05-14,2024-06-26,Closed Won,9007.97,100,43,1,1,9007.97
OPP0792,R009,P003,C001,2023-07-17,2023-08-02,Closed Lost,3972.74,0,16,0,1,0.0
OPP0793,R016,P003,C002,2024-05-11,2024-08-23,Closed Lost,3743.84,0,104,0,1,0.0
OPP0794,R009,P003,C005,2024-08-03,2024-09-09,Closed Lost,3982.83,0,37,0,1,0.0
OPP0795,R009,P002,C005,2024-07-21,2024-08-24,Closed Won,12087.41,100,34,1,1,12087.41
OPP0796,R006,P005,C001,2024-01-11,2024-03-23,Closed Won,7861.32,100,72,1,1,7861.32
OPP0797,R003,P002,C006,2024-09-26,2024-11-25,Closed Lost,11546.92,0,60,0,1,0.0
OPP0798,R018,P005,C002,2024-07-05,2024-10-31,Closed Lost,8713.03,0,118,0,1,0.0
OPP0799,R017,P003,C006,2024-09-19,2024-11-08,Closed Won,3199.18,100,50,1,1,3199.18
OPP0800,R002,P002,C002,2023-03-10,2023-03-29,Closed Lost,10950.28,0,19,0,1,0.0
OPP0801,R013,P001,C006,2023-04-20,2023-07-05,Closed Won,47243.44,100,76,1,1,47243.44
OPP0802,R012,P005,C002,2024-05-16,2024-08-05,Closed Lost,7516.63,0,81,0,1,0.0
OPP0803,R003,P002,C004,2024-09-12,2024-12-26,Closed Won,12954.15,100,105,1,1,12954.15
OPP0804,R002,P004,C005,2024-10-16,2024-11-06,Closed Won,28442.73,100,21,1,1,28442.73
OPP0805,R003,P001,C002,2023-09-30,2023-12-20,Closed Won,51392.69,100,81,1,1,51392.69
OPP0806,R007,P002,C002,2024-06-15,2024-07-11,Closed Won,12432.98,100,26,1,1,12432.98
OPP0807,R018,P002,C004,2024-06-22,2024-09-28,Closed Won,12545.38,100,98,1,1,12545.38
OPP0808,R014,P003,C001,2023-04-19,2023-08-09,Closed Lost,3909.86,0,112,0,1,0.0
OPP0809,R006,P004,C005,2023-06-20,2023-10-13,Closed Won,25666.06,100,115,1,1,25666.06
OPP0810,R011,P003,C003,2024-09-06,2024-11-15,Closed Lost,3753.1,0,70,0,1,0.0
OPP0811,R019,P003,C005,2024-02-27,2024-06-17,Closed Lost,3826.6,0,111,0,1,0.0
OPP0812,R015,P003,C004,2023-08-08,2023-10-09,Closed Lost,3513.61,0,62,0,1,0.0
OPP0813,R017,P003,C002,2024-02-11,2024-02-25,Closed Lost,3810.66,0,14,0,1,0.0
OPP0814,R011,P002,C001,2023-11-06,2023-11-20,Closed Won,11102.26,100,14,1,1,11102.26
OPP0815,R005,P005,C001,2023-10-10,2024-01-02,Closed Lost,9392.58,0,84,0,1,0.0
OPP0816,R019,P002,C002,2023-02-08,2023-04-21,Closed Won,11312.95,100,72,1,1,11312.95
OPP0817,R019,P001,C002,2023-08-27,2023-10-12,Closed Lost,47235.17,0,46,0,1,0.0
OPP0818,R019,P004,C001,2023-03-21,2023-07-05,Closed Won,22762.9,100,106,1,1,22762.9
OPP0819,R002,P005,C003,2024-09-01,2024-12-06,Closed Won,7868.33,100,96,1,1,7868.33
OPP0820,R008,P001,C006,2023-12-23,2024-04-19,Closed Lost,51949.14,0,118,0,1,0.0
OPP0821,R017,P004,C001,2024-10-30,,Prospecting,21723.62,50,599,0,0,10861.81
OPP0822,R005,P005,C001,2024-07-06,2024-09-30,Closed Won,8753.75,100,86,1,1,8753.75
OPP0823,R019,P004,C005,2024-11-20,,Negotiation,27837.35,10,578,0,0,2783.74
OPP0824,R011,P004,C001,2023-08-16,2023-10-24,Closed Won,22545.11,100,69,1,1,22545.11
OPP0825,R003,P005,C004,2024-05-02,2024-07-28,Closed Lost,7917.74,0,87,0,1,0.0
OPP0826,R016,P002,C005,2024-05-28,2024-08-05,Closed Lost,13400.54,0,69,0,1,0.0
OPP0827,R020,P005,C006,2023-07-22,2023-10-06,Closed Lost,7349.08,0,76,0,1,0.0
OPP0828,R011,P003,C006,2024-06-20,2024-08-04,Closed Won,4038.73,100,45,1,1,4038.73
OPP0829,R012,P004,C002,2024-08-12,2024-09-06,Closed Won,24955.98,100,25,1,1,24955.98
OPP0830,R006,P001,C003,2023-11-25,2024-01-22,Closed Lost,50372.48,0,58,0,1,0.0
OPP0831,R002,P005,C002,2024-09-23,,Negotiation,7208.29,25,636,0,0,1802.07
OPP0832,R002,P001,C002,2024-01-18,2024-02-20,Closed Lost,40019.85,0,33,0,1,0.0
OPP0833,R004,P003,C003,2024-09-27,2024-10-29,Closed Lost,3077.3,0,32,0,1,0.0
OPP0834,R007,P002,C002,2024-04-05,2024-06-18,Closed Won,13308.05,100,74,1,1,13308.05
OPP0835,R005,P005,C006,2024-07-13,2024-10-01,Closed Lost,8152.47,0,80,0,1,0.0
OPP0836,R006,P005,C001,2024-11-15,2024-12-01,Closed Won,6921.75,100,16,1,1,6921.75
OPP0837,R015,P005,C006,2023-10-18,2023-11-26,Closed Lost,7559.59,0,39,0,1,0.0
OPP0838,R012,P003,C001,2023-01-09,2023-01-31,Closed Lost,3895.36,0,22,0,1,0.0
OPP0839,R013,P004,C005,2023-01-20,2023-03-12,Closed Lost,23272.73,0,51,0,1,0.0
OPP0840,R006,P005,C002,2023-04-12,2023-06-05,Closed Lost,8288.37,0,54,0,1,0.0
OPP0841,R017,P001,C003,2024-05-27,2024-08-07,Closed Lost,38876.1,0,72,0,1,0.0
OPP0842,R012,P002,C003,2023-12-08,2024-02-22,Closed Lost,10277.16,0,76,0,1,0.0
OPP0843,R002,P005,C006,2024-10-02,2024-11-23,Closed Won,7572.46,100,52,1,1,7572.46
OPP0844,R009,P001,C002,2023-09-21,2023-11-23,Closed Lost,53120.15,0,63,0,1,0.0
OPP0845,R013,P002,C005,2023-06-05,2023-08-01,Closed Lost,10568.74,0,57,0,1,0.0
OPP0846,R005,P004,C004,2024-11-25,,Qualification,23353.16,50,573,0,0,11676.58
OPP0847,R005,P002,C005,2024-09-11,2024-11-06,Closed Lost,11068.38,0,56,0,1,0.0
OPP0848,R017,P002,C002,2024-07-08,2024-10-17,Closed Lost,11497.79,0,101,0,1,0.0
OPP0849,R011,P005,C001,2024-03-16,2024-07-06,Closed Won,9367.91,100,112,1,1,9367.91
OPP0850,R005,P001,C006,2024-07-24,2024-10-14,Closed Lost,41150.13,0,82,0,1,0.0
OPP0851,R010,P004,C004,2023-01-31,2023-05-22,Closed Won,29660.47,100,111,1,1,29660.47
OPP0852,R004,P002,C002,2024-10-14,,Proposal,13472.25,25,615,0,0,3368.06
OPP0853,R019,P005,C005,2023-01-27,2023-05-18,Closed Lost,7547.22,0,111,0,1,0.0
OPP0854,R016,P001,C002,2023-08-25,2023-11-23,Closed Won,43908.37,100,90,1,1,43908.37
OPP0855,R013,P003,C004,2024-05-29,2024-08-28,Closed Lost,3291.81,0,91,0,1,0.0
OPP0856,R001,P002,C003,2024-04-30,2024-05-31,Closed Won,10335.36,100,31,1,1,10335.36
OPP0857,R003,P002,C002,2024-02-27,2024-04-09,Closed Lost,13382.66,0,42,0,1,0.0
OPP0858,R008,P003,C004,2024-03-25,2024-06-25,Closed Lost,4152.14,0,92,0,1,0.0
OPP0859,R013,P004,C005,2024-02-19,2024-06-11,Closed Won,27551.76,100,113,1,1,27551.76
OPP0860,R015,P001,C004,2024-08-08,2024-11-06,Closed Lost,46450.22,0,90,0,1,0.0
OPP0861,R002,P004,C005,2023-02-13,2023-03-30,Closed Lost,29858.52,0,45,0,1,0.0
OPP0862,R015,P001,C004,2024-02-01,2024-04-21,Closed Lost,41240.14,0,80,0,1,0.0
OPP0863,R010,P004,C005,2023-11-08,2024-02-29,Closed Lost,22706.76,0,113,0,1,0.0
OPP0864,R015,P002,C001,2023-02-25,2023-06-07,Closed Lost,12147.03,0,102,0,1,0.0
OPP0865,R018,P005,C002,2024-05-27,2024-06-24,Closed Won,9425.96,100,28,1,1,9425.96
OPP0866,R019,P001,C006,2024-02-07,2024-04-13,Closed Won,41067.34,100,66,1,1,41067.34
OPP0867,R006,P003,C006,2023-07-26,2023-10-06,Closed Won,3931.56,100,72,1,1,3931.56
OPP0868,R003,P004,C005,2023-05-07,2023-06-01,Closed Won,26798.13,100,25,1,1,26798.13
OPP0869,R006,P005,C004,2024-01-29,2024-05-15,Closed Lost,8513.8,0,107,0,1,0.0
OPP0870,R019,P002,C006,2024-07-17,2024-09-17,Closed Won,14031.46,100,62,1,1,14031.46
OPP0871,R002,P002,C004,2023-06-03,2023-07-07,Closed Lost,13430.46,0,34,0,1,0.0
OPP0872,R006,P004,C001,2023-11-12,2024-01-04,Closed Lost,23776.83,0,53,0,1,0.0
OPP0873,R016,P003,C004,2023-05-15,2023-06-23,Closed Won,3075.38,100,39,1,1,3075.38
OPP0874,R019,P004,C006,2024-07-10,2024-11-04,Closed Won,23331.44,100,117,1,1,23331.44
OPP0875,R001,P001,C002,2024-05-02,2024-07-13,Closed Lost,47719.16,0,72,0,1,0.0
OPP0876,R007,P005,C001,2024-07-14,2024-09-01,Closed Lost,9096.34,0,49,0,1,0.0
OPP0877,R002,P003,C006,2023-07-09,2023-08-10,Closed Won,3106.27,100,32,1,1,3106.27
OPP0878,R014,P001,C002,2024-08-14,2024-11-13,Closed Won,39022.24,100,91,1,1,39022.24
OPP0879,R018,P005,C002,2023-06-15,2023-09-23,Closed Won,8402.39,100,100,1,1,8402.39
OPP0880,R010,P001,C003,2024-04-11,2024-07-29,Closed Lost,39716.74,0,109,0,1,0.0
OPP0881,R003,P004,C003,2024-01-13,2024-03-15,Closed Lost,28628.96,0,62,0,1,0.0
OPP0882,R014,P003,C005,2024-04-27,2024-05-28,Closed Won,3474.8,100,31,1,1,3474.8
OPP0883,R017,P001,C001,2023-08-03,2023-11-14,Closed Won,39971.51,100,103,1,1,39971.51
OPP0884,R011,P003,C003,2024-05-10,2024-08-24,Closed Lost,3598.09,0,106,0,1,0.0
OPP0885,R020,P003,C005,2024-06-22,2024-09-17,Closed Lost,4228.15,0,87,0,1,0.0
OPP0886,R006,P004,C005,2024-05-23,2024-08-11,Closed Lost,25559.41,0,80,0,1,0.0
OPP0887,R001,P002,C004,2023-08-27,2023-12-09,Closed Won,10206.64,100,104,1,1,10206.64
OPP0888,R014,P002,C004,2024-10-02,,Prospecting,13558.17,10,627,0,0,1355.82
OPP0889,R007,P002,C006,2023-12-08,2024-02-04,Closed Lost,10247.45,0,58,0,1,0.0
OPP0890,R018,P003,C003,2023-10-16,2023-12-01,Closed Lost,3438.36,0,46,0,1,0.0
OPP0891,R019,P003,C005,2023-01-07,2023-02-04,Closed Lost,3559.02,0,28,0,1,0.0
OPP0892,R016,P003,C004,2023-01-30,2023-05-30,Closed Won,4110.62,100,120,1,1,4110.62
OPP0893,R018,P002,C003,2023-02-06,2023-05-13,Closed Won,12834.24,100,96,1,1,12834.24
OPP0894,R010,P001,C005,2024-04-18,2024-08-10,Closed Lost,51402.92,0,114,0,1,0.0
OPP0895,R011,P002,C003,2024-11-25,,Prospecting,12625.07,10,573,0,0,1262.51
OPP0896,R018,P003,C002,2023-06-02,2023-07-21,Closed Lost,4299.36,0,49,0,1,0.0
OPP0897,R010,P005,C006,2024-08-07,2024-11-06,Closed Lost,7127.16,0,91,0,1,0.0
OPP0898,R008,P004,C003,2023-11-19,2024-03-02,Closed Won,22009.48,100,104,1,1,22009.48
OPP0899,R006,P002,C001,2024-04-07,2024-08-05,Closed Lost,12405.42,0,120,0,1,0.0
OPP0900,R015,P002,C005,2024-01-19,2024-05-12,Closed Won,14036.09,100,114,1,1,14036.09
OPP0901,R011,P005,C004,2023-01-26,2023-05-22,Closed Lost,7231.42,0,116,0,1,0.0
OPP0902,R004,P002,C005,2024-06-20,2024-08-12,Closed Lost,13431.82,0,53,0,1,0.0
OPP0903,R017,P001,C001,2024-11-23,2024-12-23,Closed Won,45485.05,100,30,1,1,45485.05
OPP0904,R011,P005,C004,2023-01-05,2023-02-27,Closed Lost,9241.25,0,53,0,1,0.0
OPP0905,R010,P003,C006,2023-02-17,2023-03-16,Closed Lost,3088.33,0,27,0,1,0.0
OPP0906,R011,P003,C004,2023-08-03,2023-09-27,Closed Won,3408.58,100,55,1,1,3408.58
OPP0907,R001,P002,C005,2024-11-18,2024-12-17,Closed Won,11349.27,100,29,1,1,11349.27
OPP0908,R011,P005,C003,2024-07-27,2024-10-14,Closed Won,7780.89,100,79,1,1,7780.89
OPP0909,R003,P005,C003,2023-05-25,2023-09-06,Closed Lost,7485.51,0,104,0,1,0.0
OPP0910,R016,P001,C006,2024-09-19,2024-11-15,Closed Lost,40298.67,0,57,0,1,0.0
OPP0911,R006,P001,C006,2023-02-21,2023-03-20,Closed Lost,44966.84,0,27,0,1,0.0
OPP0912,R010,P004,C003,2024-09-02,2024-11-30,Closed Lost,26642.76,0,89,0,1,0.0
OPP0913,R015,P005,C005,2023-07-22,2023-11-04,Closed Lost,7019.93,0,105,0,1,0.0
OPP0914,R010,P004,C006,2023-05-15,2023-06-09,Closed Lost,22101.05,0,25,0,1,0.0
OPP0915,R008,P004,C002,2024-10-21,,Negotiation,23277.32,90,608,0,0,20949.59
OPP0916,R011,P003,C004,2023-09-22,2023-11-21,Closed Lost,4053.86,0,60,0,1,0.0
OPP0917,R015,P001,C002,2024-05-14,2024-05-31,Closed Won,43785.19,100,17,1,1,43785.19
OPP0918,R004,P005,C004,2023-10-17,2024-02-06,Closed Won,7156.7,100,112,1,1,7156.7
OPP0919,R018,P001,C004,2023-04-20,2023-06-14,Closed Lost,50730.79,0,55,0,1,0.0
OPP0920,R006,P005,C004,2024-02-15,2024-05-14,Closed Lost,7482.33,0,89,0,1,0.0
OPP0921,R014,P005,C005,2024-01-29,2024-02-20,Closed Won,8007.22,100,22,1,1,8007.22
OPP0922,R003,P002,C006,2023-12-17,2024-03-09,Closed Lost,12982.97,0,83,0,1,0.0
OPP0923,R018,P005,C001,2024-08-10,2024-10-25,Closed Won,8096.14,100,76,1,1,8096.14
OPP0924,R004,P004,C006,2024-03-31,2024-05-06,Closed Won,21859.07,100,36,1,1,21859.07
OPP0925,R002,P003,C001,2024-09-02,2024-12-23,Closed Lost,3682.81,0,112,0,1,0.0
OPP0926,R001,P005,C002,2023-08-11,2023-12-07,Closed Won,9329.12,100,118,1,1,9329.12
OPP0927,R019,P003,C004,2024-11-07,2024-12-10,Closed Lost,3551.38,0,33,0,1,0.0
OPP0928,R010,P003,C004,2023-07-20,2023-08-29,Closed Lost,3437.67,0,40,0,1,0.0
OPP0929,R013,P005,C002,2023-12-19,2024-01-13,Closed Lost,9561.98,0,25,0,1,0.0
OPP0930,R001,P005,C006,2023-10-29,2023-11-19,Closed Won,9510.12,100,21,1,1,9510.12
OPP0931,R001,P001,C002,2024-07-27,2024-11-23,Closed Lost,51814.65,0,119,0,1,0.0
OPP0932,R013,P003,C004,2024-03-18,2024-06-29,Closed Lost,3956.83,0,103,0,1,0.0
OPP0933,R007,P002,C005,2024-03-21,2024-06-12,Closed Won,12194.46,100,83,1,1,12194.46
OPP0934,R005,P002,C002,2024-01-29,2024-03-29,Closed Lost,11411.58,0,60,0,1,0.0
OPP0935,R016,P002,C006,2023-01-12,2023-02-04,Closed Lost,13229.62,0,23,0,1,0.0
OPP0936,R020,P004,C004,2024-03-23,2024-04-23,Closed Won,28776.34,100,31,1,1,28776.34
OPP0937,R015,P004,C004,2024-09-30,2024-11-06,Closed Lost,26080.44,0,37,0,1,0.0
OPP0938,R016,P005,C006,2023-12-30,2024-02-10,Closed Won,6820.8,100,42,1,1,6820.8
OPP0939,R019,P004,C003,2023-08-31,2023-12-14,Closed Lost,29357.44,0,105,0,1,0.0
OPP0940,R016,P003,C006,2023-02-04,2023-02-22,Closed Lost,3202.59,0,18,0,1,0.0
OPP0941,R009,P005,C004,2023-03-23,2023-04-24,Closed Lost,9554.02,0,32,0,1,0.0
OPP0942,R016,P005,C006,2024-06-13,2024-07-07,Closed Lost,7047.65,0,24,0,1,0.0
OPP0943,R010,P005,C005,2024-11-10,,Prospecting,9034.68,10,588,0,0,903.47
OPP0944,R016,P004,C005,2023-12-18,2024-03-09,Closed Lost,25222.8,0,82,0,1,0.0
OPP0945,R002,P003,C006,2023-12-06,2024-02-11,Closed Won,3424.4,100,67,1,1,3424.4
OPP0946,R016,P005,C005,2024-09-03,2024-12-21,Closed Won,7529.24,100,109,1,1,7529.24
OPP0947,R020,P003,C001,2023-06-23,2023-09-18,Closed Won,4079.21,100,87,1,1,4079.21
OPP0948,R009,P005,C003,2023-10-21,2024-01-05,Closed Won,7015.21,100,76,1,1,7015.21
OPP0949,R004,P003,C005,2023-05-16,2023-08-16,Closed Won,3077.9,100,92,1,1,3077.9
OPP0950,R006,P004,C003,2023-06-28,2023-09-25,Closed Lost,24485.46,0,89,0,1,0.0
OPP0951,R011,P005,C001,2023-08-30,2023-11-14,Closed Won,9213.64,100,76,1,1,9213.64
OPP0952,R014,P002,C004,2023-05-29,2023-08-27,Closed Lost,13717.98,0,90,0,1,0.0
OPP0953,R012,P002,C001,2023-09-01,2023-12-08,Closed Lost,11085.6,0,98,0,1,0.0
OPP0954,R015,P001,C004,2024-10-19,2024-12-05,Closed Lost,39077.24,0,47,0,1,0.0
OPP0955,R013,P005,C004,2024-05-02,2024-06-23,Closed Lost,7454.25,0,52,0,1,0.0
OPP0956,R015,P004,C004,2023-09-26,2023-10-28,Closed Lost,21353.8,0,32,0,1,0.0
OPP0957,R012,P001,C004,2024-11-25,,Prospecting,52703.97,90,573,0,0,47433.57
OPP0958,R009,P003,C006,2024-10-29,2024-12-16,Closed Won,4070.92,100,48,1,1,4070.92
OPP0959,R019,P002,C002,2024-08-21,2024-10-24,Closed Lost,13284.12,0,64,0,1,0.0
OPP0960,R001,P002,C006,2024-06-16,2024-08-12,Closed Lost,11515.73,0,57,0,1,0.0
OPP0961,R004,P004,C006,2023-01-09,2023-05-09,Closed Won,22104.86,100,120,1,1,22104.86
OPP0962,R002,P003,C001,2024-04-01,2024-05-29,Closed Won,3377.39,100,58,1,1,3377.39
OPP0963,R007,P005,C005,2024-09-26,2024-10-21,Closed Won,8638.5,100,25,1,1,8638.5
OPP0964,R020,P001,C002,2024-10-15,2024-11-13,Closed Lost,39610.59,0,29,0,1,0.0
OPP0965,R006,P005,C001,2024-01-20,2024-04-27,Closed Lost,9048.96,0,98,0,1,0.0
OPP0966,R009,P001,C004,2023-07-08,2023-08-23,Closed Won,48310.79,100,46,1,1,48310.79
OPP0967,R003,P003,C003,2024-11-14,,Proposal,3264.08,10,584,0,0,326.41
OPP0968,R009,P001,C002,2024-01-27,2024-03-30,Closed Won,42317.26,100,63,1,1,42317.26
OPP0969,R006,P002,C006,2024-03-27,2024-04-18,Closed Lost,12763.27,0,22,0,1,0.0
OPP0970,R004,P004,C004,2024-05-18,2024-06-14,Closed Won,23160.88,100,27,1,1,23160.88
OPP0971,R009,P001,C004,2023-09-23,2023-10-20,Closed Won,47248.68,100,27,1,1,47248.68
OPP0972,R013,P001,C003,2023-01-20,2023-04-07,Closed Won,52943.08,100,77,1,1,52943.08
OPP0973,R017,P004,C006,2023-06-05,2023-09-16,Closed Won,26278.1,100,103,1,1,26278.1
OPP0974,R001,P001,C004,2024-05-17,2024-07-31,Closed Lost,46757.03,0,75,0,1,0.0
OPP0975,R010,P003,C004,2024-05-08,2024-06-06,Closed Lost,3480.13,0,29,0,1,0.0
OPP0976,R011,P001,C001,2023-02-26,2023-05-31,Closed Lost,44004.35,0,94,0,1,0.0
OPP0977,R002,P002,C004,2024-04-15,2024-08-04,Closed Lost,10941.8,0,111,0,1,0.0
OPP0978,R012,P004,C004,2024-11-07,2024-12-15,Closed Won,29094.03,100,38,1,1,29094.03
OPP0979,R007,P002,C001,2023-03-28,2023-06-30,Closed Lost,10787.76,0,94,0,1,0.0
OPP0980,R010,P001,C004,2024-08-30,2024-10-13,Closed Lost,50735.64,0,44,0,1,0.0
OPP0981,R002,P001,C003,2024-06-30,2024-10-28,Closed Lost,38833.42,0,120,0,1,0.0
OPP0982,R018,P005,C002,2023-02-13,2023-04-19,Closed Won,8083.44,100,65,1,1,8083.44
OPP0983,R016,P001,C006,2024-08-16,2024-09-28,Closed Lost,49833.49,0,43,0,1,0.0
OPP0984,R005,P005,C001,2023-01-20,2023-04-04,Closed Lost,6928.24,0,74,0,1,0.0
OPP0985,R004,P003,C004,2023-06-26,2023-09-28,Closed Won,4094.13,100,94,1,1,4094.13
OPP0986,R004,P001,C001,2024-09-17,2024-10-22,Closed Lost,51130.35,0,35,0,1,0.0
OPP0987,R007,P002,C004,2024-05-24,2024-08-22,Closed Lost,10465.06,0,90,0,1,0.0
OPP0988,R019,P004,C005,2023-12-12,2024-04-07,Closed Lost,24087.06,0,117,0,1,0.0
OPP0989,R019,P002,C002,2023-05-21,2023-07-15,Closed Lost,13409.76,0,55,0,1,0.0
OPP0990,R006,P002,C006,2023-12-10,2024-01-01,Closed Won,13381.71,100,22,1,1,13381.71
OPP0991,R002,P002,C002,2024-01-14,2024-04-07,Closed Won,14087.84,100,84,1,1,14087.84
OPP0992,R006,P005,C001,2023-04-13,2023-08-06,Closed Lost,7853.17,0,115,0,1,0.0
OPP0993,R019,P002,C003,2024-05-13,2024-06-06,Closed Won,14089.78,100,24,1,1,14089.78
OPP0994,R007,P004,C002,2024-03-02,2024-06-12,Closed Lost,27308.14,0,102,0,1,0.0
OPP0995,R006,P004,C005,2024-10-17,2024-12-04,Closed Lost,23343.47,0,48,0,1,0.0
OPP0996,R003,P004,C006,2023-02-08,2023-05-09,Closed Won,26605.44,100,90,1,1,26605.44
OPP0997,R004,P005,C005,2023-11-05,2024-01-02,Closed Lost,7459.79,0,58,0,1,0.0
OPP0998,R015,P005,C006,2023-04-08,2023-07-10,Closed Won,8221.11,100,93,1,1,8221.11
OPP0999,R005,P002,C006,2024-11-06,2024-12-16,Closed Won,10673.25,100,40,1,1,10673.25
OPP1000,R012,P001,C003,2024-04-30,2024-07-16,Closed Won,39100.93,100,77,1,1,39100.93
OPP1001,R015,P005,C001,2023-08-03,2023-10-11,Closed Won,9054.43,100,69,1,1,9054.43
OPP1002,R001,P005,C004,2023-04-17,2023-08-03,Closed Won,7292.49,100,108,1,1,7292.49
OPP1003,R019,P002,C005,2024-06-11,2024-07-09,Closed Won,13229.89,100,28,1,1,13229.89
OPP1004,R004,P003,C003,2023-11-30,2024-02-05,Closed Won,3349.88,100,67,1,1,3349.88
OPP1005,R013,P004,C002,2023-08-22,2023-09-17,Closed Won,28861.51,100,26,1,1,28861.51
OPP1006,R005,P001,C002,2023-03-17,2023-05-30,Closed Lost,52275.2,0,74,0,1,0.0
OPP1007,R007,P003,C006,2024-09-16,2024-11-27,Closed Won,3231.87,100,72,1,1,3231.87
OPP1008,R019,P002,C001,2024-01-03,2024-02-20,Closed Won,10334.8,100,48,1,1,10334.8
OPP1009,R006,P004,C003,2023-10-15,2023-11-15,Closed Won,25262.57,100,31,1,1,25262.57
OPP1010,R019,P005,C005,2023-08-14,2023-10-04,Closed Lost,9335.62,0,51,0,1,0.0
OPP1011,R007,P005,C005,2023-08-24,2023-09-18,Closed Lost,8169.8,0,25,0,1,0.0
OPP1012,R008,P004,C002,2024-04-29,2024-07-11,Closed Won,27691.57,100,73,1,1,27691.57
OPP1013,R019,P005,C001,2023-12-02,2024-02-09,Closed Lost,9449.51,0,69,0,1,0.0
OPP1014,R017,P004,C001,2024-03-03,2024-03-22,Closed Won,27667.92,100,19,1,1,27667.92
OPP1015,R008,P001,C001,2024-03-11,2024-05-31,Closed Lost,45375.95,0,81,0,1,0.0
OPP1016,R005,P004,C003,2024-07-25,2024-11-12,Closed Won,29561.92,100,110,1,1,29561.92
OPP1017,R010,P001,C002,2023-10-30,2023-12-13,Closed Lost,38500.9,0,44,0,1,0.0
OPP1018,R015,P001,C002,2024-04-15,2024-07-11,Closed Lost,53628.63,0,87,0,1,0.0
OPP1019,R001,P003,C006,2024-02-20,2024-03-28,Closed Lost,3849.78,0,37,0,1,0.0
OPP1020,R010,P003,C004,2023-03-14,2023-05-16,Closed Lost,3728.96,0,63,0,1,0.0
OPP1021,R007,P005,C006,2023-10-04,2024-01-15,Closed Lost,8410.64,0,103,0,1,0.0
OPP1022,R012,P001,C001,2023-03-24,2023-06-25,Closed Lost,46357.1,0,93,0,1,0.0
OPP1023,R012,P005,C002,2023-04-24,2023-06-26,Closed Won,6914.45,100,63,1,1,6914.45
OPP1024,R007,P005,C002,2024-10-25,,Prospecting,8786.14,50,604,0,0,4393.07
OPP1025,R019,P004,C006,2023-09-02,2023-11-24,Closed Won,27702.08,100,83,1,1,27702.08
OPP1026,R009,P002,C005,2023-08-03,2023-11-21,Closed Lost,11545.95,0,110,0,1,0.0
OPP1027,R012,P001,C004,2024-11-27,,Proposal,39248.06,75,571,0,0,29436.04
OPP1028,R018,P004,C003,2024-05-28,2024-08-17,Closed Lost,27460.97,0,81,0,1,0.0
OPP1029,R015,P001,C001,2024-04-07,2024-07-09,Closed Won,41216.57,100,93,1,1,41216.57
OPP1030,R003,P003,C001,2023-03-24,2023-05-27,Closed Lost,4267.4,0,64,0,1,0.0
OPP1031,R007,P002,C005,2023-06-18,2023-08-06,Closed Won,12284.58,100,49,1,1,12284.58
OPP1032,R016,P005,C003,2024-10-04,2024-10-20,Closed Won,9408.82,100,16,1,1,9408.82
OPP1033,R003,P001,C001,2024-03-06,2024-05-15,Closed Lost,42841.39,0,70,0,1,0.0
OPP1034,R011,P003,C006,2023-08-26,2023-12-24,Closed Lost,3578.73,0,120,0,1,0.0
OPP1035,R017,P004,C005,2024-10-23,,Proposal,26441.88,75,606,0,0,19831.41
OPP1036,R009,P003,C002,2024-04-13,2024-06-04,Closed Lost,3276.39,0,52,0,1,0.0
OPP1037,R010,P001,C004,2024-05-10,2024-07-10,Closed Lost,40586.33,0,61,0,1,0.0
OPP1038,R006,P005,C006,2023-06-20,2023-09-21,Closed Lost,7598.69,0,93,0,1,0.0
OPP1039,R002,P002,C003,2024-11-13,,Qualification,11199.2,90,585,0,0,10079.28
OPP1040,R002,P002,C006,2023-05-10,2023-07-19,Closed Won,11061.65,100,70,1,1,11061.65
OPP1041,R006,P004,C005,2023-11-21,2024-01-18,Closed Won,25973.83,100,58,1,1,25973.83
OPP1042,R005,P004,C004,2023-11-05,2023-12-04,Closed Lost,29396.85,0,29,0,1,0.0
OPP1043,R011,P005,C006,2023-11-24,2023-12-27,Closed Won,9531.68,100,33,1,1,9531.68
OPP1044,R019,P005,C006,2023-10-30,2024-01-12,Closed Lost,8667.29,0,74,0,1,0.0
OPP1045,R005,P004,C006,2024-03-28,2024-05-24,Closed Lost,29126.53,0,57,0,1,0.0
OPP1046,R008,P004,C004,2024-07-18,2024-08-15,Closed Won,26653.32,100,28,1,1,26653.32
OPP1047,R019,P005,C005,2024-01-01,2024-01-26,Closed Won,8595.68,100,25,1,1,8595.68
OPP1048,R003,P003,C005,2023-08-16,2023-12-08,Closed Lost,3306.6,0,114,0,1,0.0
OPP1049,R013,P001,C002,2024-04-01,2024-07-10,Closed Lost,53619.47,0,100,0,1,0.0
OPP1050,R012,P005,C004,2024-05-17,2024-07-10,Closed Lost,9441.53,0,54,0,1,0.0
OPP1051,R001,P003,C003,2023-06-01,2023-09-14,Closed Lost,3546.5,0,105,0,1,0.0
OPP1052,R003,P004,C002,2023-12-20,2024-02-16,Closed Won,28900.14,100,58,1,1,28900.14
OPP1053,R014,P004,C006,2024-03-30,2024-07-16,Closed Lost,23775.55,0,108,0,1,0.0
OPP1054,R007,P005,C003,2024-02-29,2024-03-31,Closed Lost,7041.02,0,31,0,1,0.0
OPP1055,R019,P001,C004,2024-05-01,2024-07-21,Closed Lost,52947.16,0,81,0,1,0.0
OPP1056,R018,P003,C004,2023-04-01,2023-04-15,Closed Lost,3582.29,0,14,0,1,0.0
OPP1057,R013,P002,C003,2024-08-04,2024-11-22,Closed Lost,10981.23,0,110,0,1,0.0
OPP1058,R010,P003,C004,2024-07-21,2024-10-05,Closed Won,4111.58,100,76,1,1,4111.58
OPP1059,R005,P001,C003,2024-07-26,2024-11-11,Closed Lost,50711.71,0,108,0,1,0.0
OPP1060,R010,P004,C004,2023-11-04,2024-02-07,Closed Lost,22336.55,0,95,0,1,0.0
OPP1061,R009,P002,C004,2023-07-03,2023-09-17,Closed Lost,10319.46,0,76,0,1,0.0
OPP1062,R014,P005,C003,2023-03-10,2023-06-08,Closed Lost,8145.36,0,90,0,1,0.0
OPP1063,R019,P001,C001,2024-10-05,,Negotiation,44127.93,50,624,0,0,22063.96
OPP1064,R005,P003,C003,2023-06-16,2023-09-12,Closed Won,3640.92,100,88,1,1,3640.92
OPP1065,R012,P004,C001,2023-06-17,2023-07-07,Closed Won,26817.16,100,20,1,1,26817.16
OPP1066,R006,P001,C001,2023-10-24,2023-12-14,Closed Lost,46343.4,0,51,0,1,0.0
OPP1067,R010,P003,C003,2024-09-05,2024-12-24,Closed Won,4159.28,100,110,1,1,4159.28
OPP1068,R001,P003,C002,2024-01-07,2024-02-02,Closed Lost,4097.38,0,26,0,1,0.0
OPP1069,R006,P004,C001,2024-06-14,2024-08-03,Closed Won,24854.95,100,50,1,1,24854.95
OPP1070,R018,P002,C005,2023-08-12,2023-09-14,Closed Lost,13539.45,0,33,0,1,0.0
OPP1071,R003,P001,C001,2024-06-22,2024-09-12,Closed Lost,44823.2,0,82,0,1,0.0
OPP1072,R005,P003,C004,2023-05-15,2023-05-31,Closed Lost,3930.72,0,16,0,1,0.0
OPP1073,R010,P003,C001,2024-09-03,2024-11-22,Closed Lost,3276.98,0,80,0,1,0.0
OPP1074,R010,P002,C002,2023-05-02,2023-06-13,Closed Won,13089.8,100,42,1,1,13089.8
OPP1075,R004,P004,C001,2023-08-03,2023-09-02,Closed Lost,27294.66,0,30,0,1,0.0
OPP1076,R004,P004,C001,2023-01-20,2023-05-13,Closed Lost,21622.02,0,113,0,1,0.0
OPP1077,R009,P004,C001,2024-11-06,,Prospecting,22290.57,10,592,0,0,2229.06
OPP1078,R020,P001,C002,2023-11-05,2024-02-12,Closed Won,50572.34,100,99,1,1,50572.34
OPP1079,R005,P003,C006,2024-08-24,2024-10-02,Closed Won,3096.87,100,39,1,1,3096.87
OPP1080,R020,P002,C002,2023-10-12,2024-01-08,Closed Won,13791.58,100,88,1,1,13791.58
OPP1081,R017,P005,C002,2024-06-01,2024-08-26,Closed Won,8937.08,100,86,1,1,8937.08
OPP1082,R004,P005,C002,2023-07-16,2023-09-04,Closed Won,6812.12,100,50,1,1,6812.12
OPP1083,R004,P005,C002,2024-05-31,2024-09-12,Closed Lost,7318.35,0,104,0,1,0.0
OPP1084,R004,P005,C003,2023-12-30,2024-03-01,Closed Lost,7437.15,0,62,0,1,0.0
OPP1085,R012,P002,C006,2023-05-07,2023-07-19,Closed Won,12282.43,100,73,1,1,12282.43
OPP1086,R004,P001,C004,2023-10-23,2024-01-16,Closed Lost,43417.82,0,85,0,1,0.0
OPP1087,R015,P003,C002,2023-10-18,2023-12-29,Closed Lost,3925.68,0,72,0,1,0.0
OPP1088,R003,P004,C004,2024-07-21,2024-09-25,Closed Won,22901.87,100,66,1,1,22901.87
OPP1089,R016,P001,C006,2024-11-26,,Qualification,53979.89,10,572,0,0,5397.99
OPP1090,R013,P001,C004,2024-02-10,2024-04-20,Closed Lost,40127.68,0,70,0,1,0.0
OPP1091,R007,P002,C003,2024-08-27,2024-09-23,Closed Lost,10471.78,0,27,0,1,0.0
OPP1092,R014,P004,C006,2023-07-25,2023-10-23,Closed Lost,22324.17,0,90,0,1,0.0
OPP1093,R013,P005,C003,2024-05-26,2024-07-14,Closed Lost,8462.22,0,49,0,1,0.0
OPP1094,R017,P004,C003,2024-05-02,2024-08-09,Closed Lost,29890.83,0,99,0,1,0.0
OPP1095,R016,P001,C002,2023-05-31,2023-09-20,Closed Lost,42198.37,0,112,0,1,0.0
OPP1096,R016,P001,C006,2024-10-05,2024-11-05,Closed Won,51327.42,100,31,1,1,51327.42
OPP1097,R020,P003,C005,2023-01-28,2023-03-05,Closed Lost,3252.45,0,36,0,1,0.0
OPP1098,R015,P005,C002,2023-04-09,2023-07-29,Closed Won,8949.2,100,111,1,1,8949.2
OPP1099,R011,P005,C005,2023-10-28,2024-02-03,Closed Lost,7532.66,0,98,0,1,0.0
OPP1100,R004,P001,C004,2024-07-13,2024-07-29,Closed Lost,53853.71,0,16,0,1,0.0
OPP1101,R002,P004,C002,2024-04-05,2024-05-29,Closed Lost,25271.99,0,54,0,1,0.0
OPP1102,R006,P003,C004,2024-07-24,2024-10-30,Closed Lost,4174.72,0,98,0,1,0.0
OPP1103,R004,P004,C005,2024-03-17,2024-04-17,Closed Won,25515.23,100,31,1,1,25515.23
OPP1104,R006,P004,C005,2024-11-22,,Negotiation,26169.73,10,576,0,0,2616.97
OPP1105,R012,P004,C003,2024-02-05,2024-03-23,Closed Lost,26648.22,0,47,0,1,0.0
OPP1106,R012,P001,C003,2023-11-25,2023-12-16,Closed Won,40269.12,100,21,1,1,40269.12
OPP1107,R014,P003,C003,2024-08-20,2024-09-06,Closed Lost,3539.52,0,17,0,1,0.0
OPP1108,R010,P002,C005,2024-01-01,2024-03-07,Closed Won,11239.98,100,66,1,1,11239.98
OPP1109,R006,P003,C001,2023-03-28,2023-07-08,Closed Won,3204.23,100,102,1,1,3204.23
OPP1110,R014,P004,C003,2024-07-05,2024-08-29,Closed Won,26220.43,100,55,1,1,26220.43
OPP1111,R013,P001,C005,2023-01-21,2023-05-04,Closed Lost,53775.8,0,103,0,1,0.0
OPP1112,R007,P004,C003,2024-02-04,2024-03-30,Closed Lost,22125.5,0,55,0,1,0.0
OPP1113,R010,P003,C003,2024-05-23,2024-08-09,Closed Lost,3269.95,0,78,0,1,0.0
OPP1114,R018,P001,C002,2024-03-22,2024-04-30,Closed Lost,51485.99,0,39,0,1,0.0
OPP1115,R008,P005,C005,2023-10-22,2023-12-08,Closed Won,7925.68,100,47,1,1,7925.68
OPP1116,R009,P001,C001,2023-04-05,2023-07-19,Closed Lost,47571.87,0,105,0,1,0.0
OPP1117,R003,P004,C006,2024-08-03,2024-11-27,Closed Lost,23085.22,0,116,0,1,0.0
OPP1118,R011,P004,C002,2023-11-06,2024-01-23,Closed Lost,27055.25,0,78,0,1,0.0
OPP1119,R018,P005,C002,2024-02-29,2024-05-04,Closed Won,8069.04,100,65,1,1,8069.04
OPP1120,R007,P002,C006,2023-01-20,2023-04-24,Closed Lost,12622.74,0,94,0,1,0.0
OPP1121,R014,P005,C005,2024-04-23,2024-06-10,Closed Lost,9065.01,0,48,0,1,0.0
OPP1122,R008,P003,C002,2024-10-03,2024-10-24,Closed Lost,3642.73,0,21,0,1,0.0
OPP1123,R014,P001,C003,2023-11-04,2024-01-12,Closed Lost,48234.36,0,69,0,1,0.0
OPP1124,R008,P005,C001,2023-10-21,2024-01-25,Closed Won,7461.16,100,96,1,1,7461.16
OPP1125,R018,P003,C004,2023-06-03,2023-07-11,Closed Won,3644.84,100,38,1,1,3644.84
OPP1126,R005,P002,C001,2024-03-08,2024-06-12,Closed Lost,10869.31,0,96,0,1,0.0
OPP1127,R002,P005,C006,2023-09-22,2024-01-15,Closed Lost,7292.76,0,115,0,1,0.0
OPP1128,R010,P001,C001,2024-05-12,2024-09-03,Closed Won,43194.0,100,114,1,1,43194.0
OPP1129,R005,P001,C002,2024-02-21,2024-04-21,Closed Lost,44501.1,0,60,0,1,0.0
OPP1130,R019,P001,C005,2023-04-25,2023-07-21,Closed Lost,46470.83,0,87,0,1,0.0
OPP1131,R011,P002,C003,2023-09-15,2023-12-01,Closed Lost,12719.25,0,77,0,1,0.0
OPP1132,R007,P002,C002,2024-08-21,2024-12-07,Closed Lost,14129.1,0,108,0,1,0.0
OPP1133,R009,P003,C005,2023-04-20,2023-05-26,Closed Won,3613.74,100,36,1,1,3613.74
OPP1134,R014,P001,C004,2023-02-27,2023-05-14,Closed Lost,43234.72,0,76,0,1,0.0
OPP1135,R012,P002,C003,2024-11-30,,Proposal,11724.59,10,568,0,0,1172.46
OPP1136,R008,P001,C003,2024-10-22,,Prospecting,49128.25,90,607,0,0,44215.42
OPP1137,R004,P003,C005,2024-01-29,2024-03-22,Closed Lost,4197.98,0,53,0,1,0.0
OPP1138,R009,P004,C003,2023-08-31,2023-11-09,Closed Lost,29365.69,0,70,0,1,0.0
OPP1139,R006,P003,C004,2023-04-03,2023-07-31,Closed Lost,3325.09,0,119,0,1,0.0
OPP1140,R009,P004,C001,2024-10-08,2024-12-01,Closed Lost,28156.53,0,54,0,1,0.0
OPP1141,R004,P003,C002,2024-05-18,2024-07-31,Closed Lost,3963.91,0,74,0,1,0.0
OPP1142,R018,P004,C006,2023-09-25,2023-12-12,Closed Won,26518.51,100,78,1,1,26518.51
OPP1143,R006,P001,C006,2023-12-01,2024-02-11,Closed Lost,48351.62,0,72,0,1,0.0
OPP1144,R010,P001,C003,2024-03-30,2024-07-23,Closed Lost,44560.42,0,115,0,1,0.0
OPP1145,R005,P002,C005,2024-08-12,2024-09-05,Closed Won,12368.74,100,24,1,1,12368.74
OPP1146,R005,P004,C003,2024-02-25,2024-06-19,Closed Lost,25435.7,0,115,0,1,0.0
OPP1147,R007,P003,C001,2023-06-27,2023-10-06,Closed Lost,4067.41,0,101,0,1,0.0
OPP1148,R019,P004,C002,2024-02-29,2024-04-30,Closed Won,29516.63,100,61,1,1,29516.63
OPP1149,R003,P005,C004,2023-01-22,2023-02-07,Closed Lost,8554.56,0,16,0,1,0.0
OPP1150,R020,P002,C004,2023-07-23,2023-09-08,Closed Lost,10409.09,0,47,0,1,0.0
OPP1151,R019,P003,C001,2024-09-06,2024-10-23,Closed Won,3274.35,100,47,1,1,3274.35
OPP1152,R016,P004,C001,2023-01-15,2023-04-30,Closed Lost,28488.5,0,105,0,1,0.0
OPP1153,R016,P003,C004,2023-08-18,2023-12-01,Closed Won,3422.83,100,105,1,1,3422.83
OPP1154,R010,P005,C006,2023-05-14,2023-07-22,Closed Lost,7403.59,0,69,0,1,0.0
OPP1155,R005,P002,C001,2024-11-24,,Negotiation,11915.8,50,574,0,0,5957.9
OPP1156,R015,P002,C001,2023-09-26,2023-11-09,Closed Lost,11752.48,0,44,0,1,0.0
OPP1157,R013,P003,C006,2023-01-11,2023-03-26,Closed Won,4287.74,100,74,1,1,4287.74
OPP1158,R009,P004,C001,2023-08-06,2023-11-19,Closed Lost,27690.91,0,105,0,1,0.0
OPP1159,R016,P003,C003,2023-04-08,2023-07-02,Closed Won,4233.14,100,85,1,1,4233.14
OPP1160,R002,P005,C001,2024-09-12,2024-12-20,Closed Lost,8786.78,0,99,0,1,0.0
OPP1161,R012,P003,C002,2023-09-17,2023-12-04,Closed Lost,4291.68,0,78,0,1,0.0
OPP1162,R016,P003,C003,2024-07-26,2024-08-14,Closed Lost,3274.03,0,19,0,1,0.0
OPP1163,R009,P005,C001,2024-04-24,2024-05-24,Closed Won,8012.2,100,30,1,1,8012.2
OPP1164,R009,P004,C006,2023-11-17,2023-12-06,Closed Lost,28877.2,0,19,0,1,0.0
OPP1165,R009,P003,C005,2024-01-05,2024-03-14,Closed Won,3832.29,100,69,1,1,3832.29
OPP1166,R016,P003,C002,2023-11-17,2024-01-25,Closed Lost,3988.46,0,69,0,1,0.0
OPP1167,R005,P004,C001,2024-07-23,2024-10-29,Closed Lost,21715.69,0,98,0,1,0.0
OPP1168,R015,P003,C004,2023-08-24,2023-09-30,Closed Won,3266.08,100,37,1,1,3266.08
OPP1169,R018,P003,C004,2023-04-29,2023-07-15,Closed Won,4305.91,100,77,1,1,4305.91
OPP1170,R003,P002,C002,2024-04-13,2024-06-29,Closed Won,10719.35,100,77,1,1,10719.35
OPP1171,R019,P005,C006,2023-10-18,2023-11-24,Closed Lost,9103.2,0,37,0,1,0.0
OPP1172,R019,P001,C002,2024-08-22,2024-10-02,Closed Lost,46534.74,0,41,0,1,0.0
OPP1173,R011,P004,C001,2024-03-02,2024-03-25,Closed Won,27172.95,100,23,1,1,27172.95
OPP1174,R019,P001,C001,2023-10-19,2024-01-28,Closed Lost,44458.17,0,101,0,1,0.0
OPP1175,R016,P004,C004,2023-11-28,2023-12-31,Closed Won,28518.62,100,33,1,1,28518.62
OPP1176,R002,P001,C006,2024-10-05,2024-11-22,Closed Lost,43438.47,0,48,0,1,0.0
OPP1177,R002,P005,C006,2024-09-29,2024-12-09,Closed Won,7162.1,100,71,1,1,7162.1
OPP1178,R020,P001,C004,2023-10-17,2023-12-11,Closed Lost,46867.71,0,55,0,1,0.0
OPP1179,R013,P002,C001,2023-04-05,2023-06-09,Closed Won,14253.21,100,65,1,1,14253.21
OPP1180,R005,P004,C001,2023-01-22,2023-03-03,Closed Won,23743.19,100,40,1,1,23743.19
OPP1181,R020,P003,C002,2023-11-02,2024-01-17,Closed Lost,4198.71,0,76,0,1,0.0
OPP1182,R016,P003,C004,2024-01-03,2024-04-11,Closed Won,3705.94,100,99,1,1,3705.94
OPP1183,R014,P005,C003,2024-02-02,2024-04-16,Closed Won,7984.6,100,74,1,1,7984.6
OPP1184,R017,P004,C003,2024-09-20,2024-10-27,Closed Lost,22063.29,0,37,0,1,0.0
OPP1185,R017,P002,C006,2024-04-19,2024-07-28,Closed Won,14108.8,100,100,1,1,14108.8
OPP1186,R003,P003,C004,2024-10-24,,Prospecting,3649.96,50,605,0,0,1824.98
OPP1187,R017,P003,C004,2023-06-02,2023-07-02,Closed Lost,4120.34,0,30,0,1,0.0
OPP1188,R017,P001,C001,2023-10-30,2024-01-24,Closed Won,52697.51,100,86,1,1,52697.51
OPP1189,R019,P004,C003,2024-06-06,2024-08-13,Closed Lost,27032.48,0,68,0,1,0.0
OPP1190,R015,P005,C002,2023-12-30,2024-02-14,Closed Lost,6845.55,0,46,0,1,0.0
OPP1191,R010,P004,C003,2023-07-06,2023-09-08,Closed Won,28921.61,100,64,1,1,28921.61
OPP1192,R009,P004,C003,2024-08-24,2024-12-08,Closed Lost,26708.34,0,106,0,1,0.0
OPP1193,R004,P005,C004,2023-07-11,2023-08-21,Closed Won,7526.09,100,41,1,1,7526.09
OPP1194,R016,P001,C004,2024-07-01,2024-07-17,Closed Won,38459.55,100,16,1,1,38459.55
OPP1195,R010,P005,C005,2024-02-19,2024-05-27,Closed Lost,8832.55,0,98,0,1,0.0
OPP1196,R003,P004,C002,2024-09-23,2024-11-22,Closed Lost,28290.61,0,60,0,1,0.0
OPP1197,R007,P001,C001,2023-05-19,2023-06-03,Closed Won,49212.51,100,15,1,1,49212.51
OPP1198,R018,P002,C002,2023-08-03,2023-10-17,Closed Lost,12030.31,0,75,0,1,0.0
OPP1199,R001,P002,C001,2023-03-30,2023-05-21,Closed Lost,12190.75,0,52,0,1,0.0
OPP1200,R016,P004,C001,2023-06-20,2023-07-23,Closed Lost,29683.84,0,33,0,1,0.0
